# OntoBoard pattern index. One row per pattern, tab separated.
#
# Generated by PatternIndex.buildFrom from the pattern directories beside it.
# PatternIndexTest regenerates it and fails if this file no longer matches, so a
# pattern added without reindexing breaks the build instead of going missing from the
# library in silence.
#
# There are no counts here on purpose. The harvested metadata states a class_count for
# every pattern and it is wrong for 41 of the 123, and a property_count wrong for 17.
# The only number worth showing is the one read from the OWL file when it is opened.
#
# id	name	collection	publisher	category	domain	sameAs	description	competencyQuestions	terms
actingfor	Actingfor Pattern	odp	ontologydesignpatterns.org	behavioral	general		To represent that some agent is acting in order to forward the action of a social (non-physical) agent.	Who is working for which organization? Who is representing the company?	http://www.ontologydesignpatterns.org/cp/owl/actingfor.owl#Agent http://www.ontologydesignpatterns.org/cp/owl/actingfor.owl#SocialAgent http://www.ontologydesignpatterns.org/cp/owl/actingfor.owl#actsFor http://www.ontologydesignpatterns.org/cp/owl/actingfor.owl#actsThrough
actuation-actuator-effect	Actuation Actuator Effect Pattern	odp	irit.fr	structural	iot		Ontology design pattern for modeling actuation actuator effect relationships and concepts.		http://delicias.dia.fi.upm.es/ontologies/ObjectWithStates.owl#Object http://purl.oclc.org/NET/ssnx/ssn#Device http://purl.oclc.org/NET/ssnx/ssn#FeatureOfInterest http://purl.oclc.org/NET/ssnx/ssn#Input http://purl.oclc.org/NET/ssnx/ssn#Process http://purl.oclc.org/NET/ssnx/ssn#Property http://purl.oclc.org/NET/ssnx/ssn#forProperty http://purl.oclc.org/NET/ssnx/ssn#hasProperty http://purl.oclc.org/NET/ssnx/ssn#hasValue http://purl.oclc.org/NET/ssnx/ssn#implements http://purl.oclc.org/NET/ssnx/ssn#isPropertyOf http://purl.org/vocommons/voaf#Vocabulary http://qudt.org/schema/qudt#QuantityKind http://qudt.org/schema/qudt#Unit http://www.irit.fr/recherches/MELODI/ontologies/SAN#Acting http://www.irit.fr/recherches/MELODI/ontologies/SAN#ActuatingCapability http://www.irit.fr/recherches/MELODI/ontologies/SAN#ActuatingDevice http://www.irit.fr/recherches/MELODI/ontologies/SAN#ActuatingProperty http://www.irit.fr/recherches/MELODI/ontologies/SAN#ActuatingRange http://www.irit.fr/recherches/MELODI/ontologies/SAN#ActuatingTime http://www.irit.fr/recherches/MELODI/ontologies/SAN#Actuation http://www.irit.fr/recherches/MELODI/ontologies/SAN#ActuationValue http://www.irit.fr/recherches/MELODI/ontologies/SAN#Actuator http://www.irit.fr/recherches/MELODI/ontologies/SAN#ActuatorInput http://www.irit.fr/recherches/MELODI/ontologies/SAN#ActuatorOutput http://www.irit.fr/recherches/MELODI/ontologies/SAN#Effect http://www.irit.fr/recherches/MELODI/ontologies/SAN#Situation http://www.irit.fr/recherches/MELODI/ontologies/SAN#actsOn http://www.irit.fr/recherches/MELODI/ontologies/SAN#actuationMethodUsed http://www.irit.fr/recherches/MELODI/ontologies/SAN#actuationResults http://www.irit.fr/recherches/MELODI/ontologies/SAN#consumes http://www.irit.fr/recherches/MELODI/ontologies/SAN#controlledBy http://www.irit.fr/recherches/MELODI/ontologies/SAN#hasActuatingCapability http://www.irit.fr/recherches/MELODI/ontologies/SAN#hasActuatingProperty http://www.irit.fr/recherches/MELODI/ontologies/SAN#hasDateTime http://www.irit.fr/recherches/MELODI/ontologies/SAN#hasEffect http://www.irit.fr/recherches/MELODI/ontologies/SAN#impactedProperty http://www.irit.fr/recherches/MELODI/ontologies/SAN#impacts http://www.irit.fr/recherches/MELODI/ontologies/SAN#isActedUponBy http://www.irit.fr/recherches/MELODI/ontologies/SAN#isConsumedBy http://www.irit.fr/recherches/MELODI/ontologies/SAN#isController http://www.irit.fr/recherches/MELODI/ontologies/SAN#receivedActuation http://www.irit.fr/recherches/MELODI/ontologies/SAN#wasActuationSent http://www.linkedmodel.org/schema/vaem#date http://www.ontologydesignpatterns.org/cp/owl/situation.owl#Situation http://www.ontologydesignpatterns.org/ont/dul/DUL.owl#Agent http://www.ontologydesignpatterns.org/ont/dul/DUL.owl#Amount http://www.ontologydesignpatterns.org/ont/dul/DUL.owl#Entity http://www.ontologydesignpatterns.org/ont/dul/DUL.owl#Event http://www.ontologydesignpatterns.org/ont/dul/DUL.owl#InformationObject http://www.ontologydesignpatterns.org/ont/dul/DUL.owl#Method http://www.ontologydesignpatterns.org/ont/dul/DUL.owl#Object http://www.ontologydesignpatterns.org/ont/dul/DUL.owl#PhysicalObject http://www.ontologydesignpatterns.org/ont/dul/DUL.owl#Process http://www.ontologydesignpatterns.org/ont/dul/DUL.owl#Quality http://www.ontologydesignpatterns.org/ont/dul/DUL.owl#Region http://www.ontologydesignpatterns.org/ont/dul/DUL.owl#UnitOfMeasure http://www.ontologydesignpatterns.org/ont/dul/DUL.owl#includesEvent http://www.ontologydesignpatterns.org/ont/dul/DUL.owl#isParametrizedBy http://www.ontologydesignpatterns.org/ont/dul/DUL.owl#isSettingFor http://www.w3.org/2006/time#Instant
affordance	Affordance Pattern	odp	w3id.org	behavioral	general		To represent the model for supporting the action selection mechanism.	What are the tasks afforded in a certain situation?; Which is the strength of an Affordance?	http://www.ontologydesignpatterns.org/ont/dul/DUL.owl#Abstract http://www.ontologydesignpatterns.org/ont/dul/DUL.owl#Action http://www.ontologydesignpatterns.org/ont/dul/DUL.owl#Agent http://www.ontologydesignpatterns.org/ont/dul/DUL.owl#Amount http://www.ontologydesignpatterns.org/ont/dul/DUL.owl#BiologicalObject http://www.ontologydesignpatterns.org/ont/dul/DUL.owl#ChemicalObject http://www.ontologydesignpatterns.org/ont/dul/DUL.owl#Classification http://www.ontologydesignpatterns.org/ont/dul/DUL.owl#Collection http://www.ontologydesignpatterns.org/ont/dul/DUL.owl#Collective http://www.ontologydesignpatterns.org/ont/dul/DUL.owl#CollectiveAgent http://www.ontologydesignpatterns.org/ont/dul/DUL.owl#Community http://www.ontologydesignpatterns.org/ont/dul/DUL.owl#Concept http://www.ontologydesignpatterns.org/ont/dul/DUL.owl#Configuration http://www.ontologydesignpatterns.org/ont/dul/DUL.owl#Contract http://www.ontologydesignpatterns.org/ont/dul/DUL.owl#Description http://www.ontologydesignpatterns.org/ont/dul/DUL.owl#Design http://www.ontologydesignpatterns.org/ont/dul/DUL.owl#DesignedArtifact http://www.ontologydesignpatterns.org/ont/dul/DUL.owl#DesignedSubstance http://www.ontologydesignpatterns.org/ont/dul/DUL.owl#Diagnosis http://www.ontologydesignpatterns.org/ont/dul/DUL.owl#Entity http://www.ontologydesignpatterns.org/ont/dul/DUL.owl#Event http://www.ontologydesignpatterns.org/ont/dul/DUL.owl#EventType http://www.ontologydesignpatterns.org/ont/dul/DUL.owl#FormalEntity http://www.ontologydesignpatterns.org/ont/dul/DUL.owl#FunctionalSubstance http://www.ontologydesignpatterns.org/ont/dul/DUL.owl#Goal http://www.ontologydesignpatterns.org/ont/dul/DUL.owl#Group http://www.ontologydesignpatterns.org/ont/dul/DUL.owl#InformationEntity http://www.ontologydesignpatterns.org/ont/dul/DUL.owl#InformationObject http://www.ontologydesignpatterns.org/ont/dul/DUL.owl#InformationRealization http://www.ontologydesignpatterns.org/ont/dul/DUL.owl#LocalConcept http://www.ontologydesignpatterns.org/ont/dul/DUL.owl#Method http://www.ontologydesignpatterns.org/ont/dul/DUL.owl#Narrative http://www.ontologydesignpatterns.org/ont/dul/DUL.owl#NaturalPerson http://www.ontologydesignpatterns.org/ont/dul/DUL.owl#Norm http://www.ontologydesignpatterns.org/ont/dul/DUL.owl#Object http://www.ontologydesignpatterns.org/ont/dul/DUL.owl#ObjectAggregate http://www.ontologydesignpatterns.org/ont/dul/DUL.owl#Organism http://www.ontologydesignpatterns.org/ont/dul/DUL.owl#Organization http://www.ontologydesignpatterns.org/ont/dul/DUL.owl#Parameter http://www.ontologydesignpatterns.org/ont/dul/DUL.owl#Parthood http://www.ontologydesignpatterns.org/ont/dul/DUL.owl#Pattern http://www.ontologydesignpatterns.org/ont/dul/DUL.owl#Person http://www.ontologydesignpatterns.org/ont/dul/DUL.owl#Personification http://www.ontologydesignpatterns.org/ont/dul/DUL.owl#PhysicalAgent http://www.ontologydesignpatterns.org/ont/dul/DUL.owl#PhysicalArtifact http://www.ontologydesignpatterns.org/ont/dul/DUL.owl#PhysicalAttribute http://www.ontologydesignpatterns.org/ont/dul/DUL.owl#PhysicalBody http://www.ontologydesignpatterns.org/ont/dul/DUL.owl#PhysicalObject http://www.ontologydesignpatterns.org/ont/dul/DUL.owl#PhysicalPlace http://www.ontologydesignpatterns.org/ont/dul/DUL.owl#Place http://www.ontologydesignpatterns.org/ont/dul/DUL.owl#Plan http://www.ontologydesignpatterns.org/ont/dul/DUL.owl#PlanExecution http://www.ontologydesignpatterns.org/ont/dul/DUL.owl#Process http://www.ontologydesignpatterns.org/ont/dul/DUL.owl#Project http://www.ontologydesignpatterns.org/ont/dul/DUL.owl#Quality http://www.ontologydesignpatterns.org/ont/dul/DUL.owl#Region http://www.ontologydesignpatterns.org/ont/dul/DUL.owl#Relation http://www.ontologydesignpatterns.org/ont/dul/DUL.owl#Right http://www.ontologydesignpatterns.org/ont/dul/DUL.owl#Role http://www.ontologydesignpatterns.org/ont/dul/DUL.owl#Set http://www.ontologydesignpatterns.org/ont/dul/DUL.owl#Situation http://www.ontologydesignpatterns.org/ont/dul/DUL.owl#SocialAgent http://www.ontologydesignpatterns.org/ont/dul/DUL.owl#SocialObject http://www.ontologydesignpatterns.org/ont/dul/DUL.owl#SocialObjectAttribute http://www.ontologydesignpatterns.org/ont/dul/DUL.owl#SocialPerson http://www.ontologydesignpatterns.org/ont/dul/DUL.owl#SocialRelation http://www.ontologydesignpatterns.org/ont/dul/DUL.owl#SpaceRegion http://www.ontologydesignpatterns.org/ont/dul/DUL.owl#SpatioTemporalRegion http://www.ontologydesignpatterns.org/ont/dul/DUL.owl#Substance http://www.ontologydesignpatterns.org/ont/dul/DUL.owl#Task http://www.ontologydesignpatterns.org/ont/dul/DUL.owl#Theory http://www.ontologydesignpatterns.org/ont/dul/DUL.owl#TimeIndexedRelation http://www.ontologydesignpatterns.org/ont/dul/DUL.owl#TimeInterval http://www.ontologydesignpatterns.org/ont/dul/DUL.owl#Transition http://www.ontologydesignpatterns.org/ont/dul/DUL.owl#TypeCollection http://www.ontologydesignpatterns.org/ont/dul/DUL.owl#UnitOfMeasure http://www.ontologydesignpatterns.org/ont/dul/DUL.owl#Workflow http://www.ontologydesignpatterns.org/ont/dul/DUL.owl#WorkflowExecution http://www.ontologydesignpatterns.org/ont/dul/DUL.owl#actsFor http://www.ontologydesignpatterns.org/ont/dul/DUL.owl#actsThrough http://www.ontologydesignpatterns.org/ont/dul/DUL.owl#associatedWith http://www.ontologydesignpatterns.org/ont/dul/DUL.owl#characterizes http://www.ontologydesignpatterns.org/ont/dul/DUL.owl#classifies http://www.ontologydesignpatterns.org/ont/dul/DUL.owl#conceptualizes http://www.ontologydesignpatterns.org/ont/dul/DUL.owl#concretelyExpresses http://www.ontologydesignpatterns.org/ont/dul/DUL.owl#coparticipatesWith http://www.ontologydesignpatterns.org/ont/dul/DUL.owl#covers http://www.ontologydesignpatterns.org/ont/dul/DUL.owl#defines http://www.ontologydesignpatterns.org/ont/dul/DUL.owl#definesRole http://www.ontologydesignpatterns.org/ont/dul/DUL.owl#definesTask http://www.ontologydesignpatterns.org/ont/dul/DUL.owl#describes http://www.ontologydesignpatterns.org/ont/dul/DUL.owl#directlyFollows http://www.ontologydesignpatterns.org/ont/dul/DUL.owl#directlyPrecedes http://www.ontologydesignpatterns.org/ont/dul/DUL.owl#executesTask http://www.ontologydesignpatterns.org/ont/dul/DUL.owl#expands http://www.ontologydesignpatterns.org/ont/dul/DUL.owl#expresses http://www.ontologydesignpatterns.org/ont/dul/DUL.owl#expressesConcept http://www.ontologydesignpatterns.org/ont/dul/DUL.owl#farFrom http://www.ontologydesignpatterns.org/ont/dul/DUL.owl#follows http://www.ontologydesignpatterns.org/ont/dul/DUL.owl#hasCommonBoundary http://www.ontologydesignpatterns.org/ont/dul/DUL.owl#hasComponent http://www.ontologydesignpatterns.org/ont/dul/DUL.owl#hasConstituent http://www.ontologydesignpatterns.org/ont/dul/DUL.owl#hasConstraint http://www.ontologydesignpatterns.org/ont/dul/DUL.owl#hasDataValue http://www.ontologydesignpatterns.org/ont/dul/DUL.owl#hasEventDate http://www.ontologydesignpatterns.org/ont/dul/DUL.owl#hasInScope http://www.ontologydesignpatterns.org/ont/dul/DUL.owl#hasIntervalDate http://www.ontologydesignpatterns.org/ont/dul/DUL.owl#hasLocation http://www.ontologydesignpatterns.org/ont/dul/DUL.owl#hasMember http://www.ontologydesignpatterns.org/ont/dul/DUL.owl#hasParameter http://www.ontologydesignpatterns.org/ont/dul/DUL.owl#hasParameterDataValue http://www.ontologydesignpatterns.org/ont/dul/DUL.owl#hasPart http://www.ontologydesignpatterns.org/ont/dul/DUL.owl#hasParticipant http://www.ontologydesignpatterns.org/ont/dul/DUL.owl#hasPostcondition http://www.ontologydesignpatterns.org/ont/dul/DUL.owl#hasPrecondition http://www.ontologydesignpatterns.org/ont/dul/DUL.owl#hasProperPart http://www.ontologydesignpatterns.org/ont/dul/DUL.owl#hasQuality http://www.ontologydesignpatterns.org/ont/dul/DUL.owl#hasRegion http://www.ontologydesignpatterns.org/ont/dul/DUL.owl#hasRegionDataValue http://www.ontologydesignpatterns.org/ont/dul/DUL.owl#hasRole http://www.ontologydesignpatterns.org/ont/dul/DUL.owl#hasSetting http://www.ontologydesignpatterns.org/ont/dul/DUL.owl#hasTask http://www.ontologydesignpatterns.org/ont/dul/DUL.owl#hasTimeInterval http://www.ontologydesignpatterns.org/ont/dul/DUL.owl#includesAction http://www.ontologydesignpatterns.org/ont/dul/DUL.owl#includesAgent http://www.ontologydesignpatterns.org/ont/dul/DUL.owl#includesEvent http://www.ontologydesignpatterns.org/ont/dul/DUL.owl#includesObject http://www.ontologydesignpatterns.org/ont/dul/DUL.owl#includesPart http://www.ontologydesignpatterns.org/ont/dul/DUL.owl#includesTime http://www.ontologydesignpatterns.org/ont/dul/DUL.owl#includesWhole http://www.ontologydesignpatterns.org/ont/dul/DUL.owl#introduces http://www.ontologydesignpatterns.org/ont/dul/DUL.owl#involvesAgent http://www.ontologydesignpatterns.org/ont/dul/DUL.owl#isAbout http://www.ontologydesignpatterns.org/ont/dul/DUL.owl#isActionIncludedIn http://www.ontologydesignpatterns.org/ont/dul/DUL.owl#isAgentIncludedIn http://www.ontologydesignpatterns.org/ont/dul/DUL.owl#isAgentInvolvedIn http://www.ontologydesignpatterns.org/ont/dul/DUL.owl#isCharacterizedBy http://www.ontologydesignpatterns.org/ont/dul/DUL.owl#isClassifiedBy http://www.ontologydesignpatterns.org/ont/dul/DUL.owl#isComponentOf http://www.ontologydesignpatterns.org/ont/dul/DUL.owl#isConceptExpressedBy http://www.ontologydesignpatterns.org/ont/dul/DUL.owl#isConceptUsedIn http://www.ontologydesignpatterns.org/ont/dul/DUL.owl#isConceptualizedBy http://www.ontologydesignpatterns.org/ont/dul/DUL.owl#isConcretelyExpressedBy http://www.ontologydesignpatterns.org/ont/dul/DUL.owl#isConstituentOf http://www.ontologydesignpatterns.org/ont/dul/DUL.owl#isConstraintFor http://www.ontologydesignpatterns.org/ont/dul/DUL.owl#isCoveredBy http://www.ontologydesignpatterns.org/ont/dul/DUL.owl#isDefinedIn http://www.ontologydesignpatterns.org/ont/dul/DUL.owl#isDescribedBy http://www.ontologydesignpatterns.org/ont/dul/DUL.owl#isEventIncludedIn http://www.ontologydesignpatterns.org/ont/dul/DUL.owl#isExecutedIn http://www.ontologydesignpatterns.org/ont/dul/DUL.owl#isExpandedIn http://www.ontologydesignpatterns.org/ont/dul/DUL.owl#isExpressedBy http://www.ontologydesignpatterns.org/ont/dul/DUL.owl#isIntroducedBy http://www.ontologydesignpatterns.org/ont/dul/DUL.owl#isLocationOf http://www.ontologydesignpatterns.org/ont/dul/DUL.owl#isMemberOf http://www.ontologydesignpatterns.org/ont/dul/DUL.owl#isObjectIncludedIn http://www.ontologydesignpatterns.org/ont/dul/DUL.owl#isObservableAt http://www.ontologydesignpatterns.org/ont/dul/DUL.owl#isParameterFor http://www.ontologydesignpatterns.org/ont/dul/DUL.owl#isParametrizedBy http://www.ontologydesignpatterns.org/ont/dul/DUL.owl#isPartOf http://www.ontologydesignpatterns.org/ont/dul/DUL.owl#isParticipantIn http://www.ontologydesignpatterns.org/ont/dul/DUL.owl#isPostconditionOf http://www.ontologydesignpatterns.org/ont/dul/DUL.owl#isPreconditionOf http://www.ontologydesignpatterns.org/ont/dul/DUL.owl#isPropertPartOf http://www.ontologydesignpatterns.org/ont/dul/DUL.owl#isQualityOf http://www.ontologydesignpatterns.org/ont/dul/DUL.owl#isRealizedBy http://www.ontologydesignpatterns.org/ont/dul/DUL.owl#isReferenceOf http://www.ontologydesignpatterns.org/ont/dul/DUL.owl#isReferenceOfInformationRealizedBy http://www.ontologydesignpatterns.org/ont/dul/DUL.owl#isRegionFor http://www.ontologydesignpatterns.org/ont/dul/DUL.owl#isRelatedToConcept http://www.ontologydesignpatterns.org/ont/dul/DUL.owl#isRelatedToDescription http://www.ontologydesignpatterns.org/ont/dul/DUL.owl#isRoleDefinedIn http://www.ontologydesignpatterns.org/ont/dul/DUL.owl#isRoleOf http://www.ontologydesignpatterns.org/ont/dul/DUL.owl#isSatisfiedBy http://www.ontologydesignpatterns.org/ont/dul/DUL.owl#isSettingFor http://www.ontologydesignpatterns.org/ont/dul/DUL.owl#isSpecializedBy http://www.ontologydesignpatterns.org/ont/dul/DUL.owl#isSubordinatedTo http://www.ontologydesignpatterns.org/ont/dul/DUL.owl#isSuperordinatedTo http://www.ontologydesignpatterns.org/ont/dul/DUL.owl#isTaskDefinedIn http://www.ontologydesignpatterns.org/ont/dul/DUL.owl#isTaskOf http://www.ontologydesignpatterns.org/ont/dul/DUL.owl#isTimeIncludedIn http://www.ontologydesignpatterns.org/ont/dul/DUL.owl#isTimeIntervalOf http://www.ontologydesignpatterns.org/ont/dul/DUL.owl#isTimeOfObservationOf http://www.ontologydesignpatterns.org/ont/dul/DUL.owl#isUnifiedBy http://www.ontologydesignpatterns.org/ont/dul/DUL.owl#nearTo http://www.ontologydesignpatterns.org/ont/dul/DUL.owl#overlaps http://www.ontologydesignpatterns.org/ont/dul/DUL.owl#parametrizes http://www.ontologydesignpatterns.org/ont/dul/DUL.owl#precedes http://www.ontologydesignpatterns.org/ont/dul/DUL.owl#realizes http://www.ontologydesignpatterns.org/ont/dul/DUL.owl#realizesInformationAbout http://www.ontologydesignpatterns.org/ont/dul/DUL.owl#realizesSelfInformation http://www.ontologydesignpatterns.org/ont/dul/DUL.owl#sameSettingAs http://www.ontologydesignpatterns.org/ont/dul/DUL.owl#satisfies http://www.ontologydesignpatterns.org/ont/dul/DUL.owl#specializes http://www.ontologydesignpatterns.org/ont/dul/DUL.owl#unifies http://www.ontologydesignpatterns.org/ont/dul/DUL.owl#usesConcept https://w3id.org/MON/action.owl#Action https://w3id.org/MON/action.owl#Agent https://w3id.org/MON/action.owl#Behavior https://w3id.org/MON/action.owl#BehaviorParameter https://w3id.org/MON/action.owl#Task https://w3id.org/MON/action.owl#byAgent https://w3id.org/MON/action.owl#executesTask https://w3id.org/MON/action.owl#hasParameter https://w3id.org/MON/action.owl#hasParticipant https://w3id.org/MON/action.owl#hasPatient https://w3id.org/MON/affordance.owl#Affordance https://w3id.org/MON/affordance.owl#affordanceStrength https://w3id.org/MON/affordance.owl#hasGoal https://w3id.org/MON/affordance.owl#hasTask https://w3id.org/MON/affordance.owl#holds https://w3id.org/MON/affordance.owl#isHeldBy https://w3id.org/MON/generic.owl#description https://w3id.org/MON/generic.owl#name https://w3id.org/MON/time.owl#Instant https://w3id.org/MON/time.owl#Interval https://w3id.org/MON/time.owl#TemporalEntity https://w3id.org/MON/time.owl#atTime https://w3id.org/MON/time.owl#hasBeginning https://w3id.org/MON/time.owl#hasEnd https://w3id.org/MON/time.owl#inXSDDateTime
agent-role	Agent Role Pattern	odp	ontologydesignpatterns.org	behavioral	general		Represents an agent playing a role in some context. Agents can be persons, organizations, or software agents.	What role does this agent play? Which agent plays this role?	http://www.ontologydesignpatterns.org/cp/owl/agentrole.owl#Agent http://www.ontologydesignpatterns.org/cp/owl/agentrole.owl#Role http://www.ontologydesignpatterns.org/cp/owl/agentrole.owl#hasRole http://www.ontologydesignpatterns.org/cp/owl/agentrole.owl#isRoleOf
agentrole	Agentrole Pattern	odp	ontologydesignpatterns.org	behavioral	general	agent-role	To represent agents and the roles they play.	which agent does play this role? what is the role that played by that agent?	http://www.ontologydesignpatterns.org/cp/owl/agentrole.owl#Agent http://www.ontologydesignpatterns.org/cp/owl/classification.owl#Concept http://www.ontologydesignpatterns.org/cp/owl/classification.owl#classifies http://www.ontologydesignpatterns.org/cp/owl/classification.owl#isClassifiedBy http://www.ontologydesignpatterns.org/cp/owl/objectrole.owl#Object http://www.ontologydesignpatterns.org/cp/owl/objectrole.owl#Role http://www.ontologydesignpatterns.org/cp/owl/objectrole.owl#hasRole http://www.ontologydesignpatterns.org/cp/owl/objectrole.owl#isRoleOf
airline	Airline Pattern	odp	unknown	conceptual	transportation		To represent the encyclopedic knowledge expressed by an object typed as Airline		http://dbpedia.org/ontology/Aircraft http://dbpedia.org/ontology/Airline
airline-owl	Airline.owl Pattern	odp	unknown	conceptual	transportation		To represent the encyclopedic knowledge expressed by an object typed as Airline		http://dbpedia.org/ontology/Aircraft http://dbpedia.org/ontology/Airline
aquaticresourceobservation	Aquaticresourceobservation Pattern	odp	ontologydesignpatterns.org	temporal	biology		To represent the aquatic observation data extracted from factsheet application. An aquatic observation refers to a specific year, is about an aquatic resource, and is situated in a given habitat, in which the aquatic species from the resource live. Observations can have a reporting year that is different from the observation time.	For an aquatic resource, what species, in what fishing areas, climatic zones, bottom types, depth zones, geo forms, horizontal and vertical distribution, and for what standardized abundance level, exploitation state and rate, have been observed? for what reference year? At what year the observation has been recorded?	http://www.fao.org/aims/aos/fi/species_taxonomic.owl#Species http://www.fao.org/aims/aos/fi/water_FAO_areas.owl#FAO_fishing_area http://www.ontologydesignpatterns.org/cp/owl/fsdas/aquaticresourceobservation.owl#AquaticResource http://www.ontologydesignpatterns.org/cp/owl/fsdas/aquaticresourceobservation.owl#AquaticResourceObservation http://www.ontologydesignpatterns.org/cp/owl/fsdas/aquaticresourceobservation.owl#BottomType http://www.ontologydesignpatterns.org/cp/owl/fsdas/aquaticresourceobservation.owl#ClimaticZone http://www.ontologydesignpatterns.org/cp/owl/fsdas/aquaticresourceobservation.owl#DepthZone http://www.ontologydesignpatterns.org/cp/owl/fsdas/aquaticresourceobservation.owl#GeoForm http://www.ontologydesignpatterns.org/cp/owl/fsdas/aquaticresourceobservation.owl#HorizontalDistribution http://www.ontologydesignpatterns.org/cp/owl/fsdas/aquaticresourceobservation.owl#StdAbundanceLevel http://www.ontologydesignpatterns.org/cp/owl/fsdas/aquaticresourceobservation.owl#StdExploitationRate http://www.ontologydesignpatterns.org/cp/owl/fsdas/aquaticresourceobservation.owl#StdExploitationState http://www.ontologydesignpatterns.org/cp/owl/fsdas/aquaticresourceobservation.owl#VerticalDistribution http://www.ontologydesignpatterns.org/cp/owl/fsdas/aquaticresourceobservation.owl#bottomTypeOfObservation http://www.ontologydesignpatterns.org/cp/owl/fsdas/aquaticresourceobservation.owl#climaticZoneOfObservation http://www.ontologydesignpatterns.org/cp/owl/fsdas/aquaticresourceobservation.owl#depthZoneOfObservation http://www.ontologydesignpatterns.org/cp/owl/fsdas/aquaticresourceobservation.owl#fishingAreaOfObservation http://www.ontologydesignpatterns.org/cp/owl/fsdas/aquaticresourceobservation.owl#forReferenceYear http://www.ontologydesignpatterns.org/cp/owl/fsdas/aquaticresourceobservation.owl#geoFormOfObservation http://www.ontologydesignpatterns.org/cp/owl/fsdas/aquaticresourceobservation.owl#hasReportingYear http://www.ontologydesignpatterns.org/cp/owl/fsdas/aquaticresourceobservation.owl#horizontalDistributionOfObservation http://www.ontologydesignpatterns.org/cp/owl/fsdas/aquaticresourceobservation.owl#ofBottomType http://www.ontologydesignpatterns.org/cp/owl/fsdas/aquaticresourceobservation.owl#ofClimaticZone http://www.ontologydesignpatterns.org/cp/owl/fsdas/aquaticresourceobservation.owl#ofDepthZone http://www.ontologydesignpatterns.org/cp/owl/fsdas/aquaticresourceobservation.owl#ofFishingArea http://www.ontologydesignpatterns.org/cp/owl/fsdas/aquaticresourceobservation.owl#ofGeoForm http://www.ontologydesignpatterns.org/cp/owl/fsdas/aquaticresourceobservation.owl#ofHorizontalDistribution http://www.ontologydesignpatterns.org/cp/owl/fsdas/aquaticresourceobservation.owl#ofSpecies http://www.ontologydesignpatterns.org/cp/owl/fsdas/aquaticresourceobservation.owl#ofStdAbundanceLevel http://www.ontologydesignpatterns.org/cp/owl/fsdas/aquaticresourceobservation.owl#ofStdExploitationRate http://www.ontologydesignpatterns.org/cp/owl/fsdas/aquaticresourceobservation.owl#ofStdExploitationState http://www.ontologydesignpatterns.org/cp/owl/fsdas/aquaticresourceobservation.owl#ofVerticalDistribution http://www.ontologydesignpatterns.org/cp/owl/fsdas/aquaticresourceobservation.owl#speciesFromObservation http://www.ontologydesignpatterns.org/cp/owl/fsdas/aquaticresourceobservation.owl#stdAbundanceLevelOfObservation http://www.ontologydesignpatterns.org/cp/owl/fsdas/aquaticresourceobservation.owl#stdExploitationRateOfObservation http://www.ontologydesignpatterns.org/cp/owl/fsdas/aquaticresourceobservation.owl#stdExploitationStateOfObservation http://www.ontologydesignpatterns.org/cp/owl/fsdas/aquaticresourceobservation.owl#verticalDistributionOfObservation http://www.ontologydesignpatterns.org/cp/owl/fsdas/speciesfactsheet.owl#foundIn http://www.ontologydesignpatterns.org/cp/owl/fsdas/speciesfactsheets.owl#areaOfSpecies http://www.ontologydesignpatterns.org/cp/owl/fsdas/speciesfactsheets.owl#hasMaxBathymetryValue http://www.ontologydesignpatterns.org/cp/owl/fsdas/speciesspeciesfactsheets.owl#hasMinBathymetryValue http://www.ontologydesignpatterns.org/cp/owl/fsdas/waterareas.owl#hasCountryCode http://www.ontologydesignpatterns.org/cp/owl/fsdas/waterareas.owl#hasLMECode http://www.ontologydesignpatterns.org/cp/owl/fsdas/waterareas.owl#hasRFBCompetenceCode http://www.ontologydesignpatterns.org/cp/owl/observation.owl#Observation http://www.ontologydesignpatterns.org/cp/owl/observation.owl#Parameter http://www.ontologydesignpatterns.org/cp/owl/observation.owl#hasObservation http://www.ontologydesignpatterns.org/cp/owl/observation.owl#hasParameter http://www.ontologydesignpatterns.org/cp/owl/observation.owl#inDate http://www.ontologydesignpatterns.org/cp/owl/observation.owl#isObservationOf http://www.ontologydesignpatterns.org/cp/owl/observation.owl#isParameterOf http://www.ontologydesignpatterns.org/cp/owl/place.owl#Place http://www.ontologydesignpatterns.org/cp/owl/place.owl#hasLocation http://www.ontologydesignpatterns.org/cp/owl/place.owl#isLocationOf http://www.ontologydesignpatterns.org/cp/owl/situation.owl#Situation http://www.ontologydesignpatterns.org/cp/owl/situation.owl#hasSetting http://www.ontologydesignpatterns.org/cp/owl/situation.owl#isSettingFor
aquaticresources	Aquaticresources Pattern	odp	ontologydesignpatterns.org	information	biology		To represent aquatic resources or stocks as composed of aquatic organisms from one or more species, and living in a water area.	What species are present in this aquatic resource/stock? In what water area this aquatic resource/stock lives in?	http://www.ontologydesignpatterns.org/cp/owl/fsdas/aquaticresources.owl#AquaticResource http://www.ontologydesignpatterns.org/cp/owl/fsdas/aquaticresources.owl#AquaticSpecies http://www.ontologydesignpatterns.org/cp/owl/fsdas/aquaticresources.owl#WaterArea http://www.ontologydesignpatterns.org/cp/owl/fsdas/aquaticresources.owl#canOccurIn http://www.ontologydesignpatterns.org/cp/owl/fsdas/aquaticresources.owl#hasSpecies http://www.ontologydesignpatterns.org/cp/owl/fsdas/aquaticresources.owl#isAreaOfOccurrenceOf http://www.ontologydesignpatterns.org/cp/owl/fsdas/aquaticresources.owl#isSpeciesPresentIn
bag	Bag Pattern	odp	ontologydesignpatterns.org	structural	general		To model bags of items (elements). The Bag is characterized by a collection that can have multiple copies of each object.	What bag is this item an element of?; What is the size of this bag?; What resource does this item refer to?; What are the items contained in this bag?	http://www.ontologydesignpatterns.org/cp/owl/bag.owl#Bag http://www.ontologydesignpatterns.org/cp/owl/bag.owl#Item http://www.ontologydesignpatterns.org/cp/owl/bag.owl#hasItem http://www.ontologydesignpatterns.org/cp/owl/bag.owl#itemContent http://www.ontologydesignpatterns.org/cp/owl/bag.owl#itemOf http://www.ontologydesignpatterns.org/cp/owl/bag.owl#size http://www.ontologydesignpatterns.org/cp/owl/collectionentity.owl#Collection http://www.ontologydesignpatterns.org/cp/owl/collectionentity.owl#hasMember http://www.ontologydesignpatterns.org/cp/owl/collectionentity.owl#isMemberOf
basicplan	Basicplan Pattern	odp	ontologydesignpatterns.org	structural	general		The basic plans. This content ontology design patterns represents plans descriptions and their executions. It is defined by combining and expanding other CPs: basic plans description, basic plans execution, and object role. Expansion involves the partial clone of ontology elements from DOLCE Ultra Lite and Plans Lite ontologies.		http://www.ontologydesignpatterns.org/cp/owl/agentrole.owl#Agent http://www.ontologydesignpatterns.org/cp/owl/basicplan.owl#GoalSituation http://www.ontologydesignpatterns.org/cp/owl/basicplan.owl#conceptualizes http://www.ontologydesignpatterns.org/cp/owl/basicplan.owl#executesTask http://www.ontologydesignpatterns.org/cp/owl/basicplan.owl#isConceptualizedBy http://www.ontologydesignpatterns.org/cp/owl/basicplan.owl#isExecutedIn http://www.ontologydesignpatterns.org/cp/owl/basicplan.owl#isParametrizedBy http://www.ontologydesignpatterns.org/cp/owl/basicplan.owl#isSatisfiedBy http://www.ontologydesignpatterns.org/cp/owl/basicplan.owl#parametrizes http://www.ontologydesignpatterns.org/cp/owl/basicplan.owl#satisfies http://www.ontologydesignpatterns.org/cp/owl/basicplandescription.owl#Goal http://www.ontologydesignpatterns.org/cp/owl/basicplandescription.owl#Plan http://www.ontologydesignpatterns.org/cp/owl/basicplandescription.owl#definesRole http://www.ontologydesignpatterns.org/cp/owl/basicplandescription.owl#definesTask http://www.ontologydesignpatterns.org/cp/owl/basicplandescription.owl#hasMainGoal http://www.ontologydesignpatterns.org/cp/owl/basicplandescription.owl#isMainGoalIn http://www.ontologydesignpatterns.org/cp/owl/basicplandescription.owl#isRoleDefinedIn http://www.ontologydesignpatterns.org/cp/owl/basicplandescription.owl#isTaskDefinedIn http://www.ontologydesignpatterns.org/cp/owl/basicplanexecution.owl#Action http://www.ontologydesignpatterns.org/cp/owl/basicplanexecution.owl#Agent http://www.ontologydesignpatterns.org/cp/owl/basicplanexecution.owl#PlanExecution http://www.ontologydesignpatterns.org/cp/owl/basicplanexecution.owl#actionHasParticipant http://www.ontologydesignpatterns.org/cp/owl/basicplanexecution.owl#includesAction http://www.ontologydesignpatterns.org/cp/owl/basicplanexecution.owl#includesAgent http://www.ontologydesignpatterns.org/cp/owl/basicplanexecution.owl#includesObject http://www.ontologydesignpatterns.org/cp/owl/basicplanexecution.owl#includesRegion http://www.ontologydesignpatterns.org/cp/owl/basicplanexecution.owl#isActionIncludedIn http://www.ontologydesignpatterns.org/cp/owl/basicplanexecution.owl#isAgentIncludedIn http://www.ontologydesignpatterns.org/cp/owl/basicplanexecution.owl#isObjectIncludedIn http://www.ontologydesignpatterns.org/cp/owl/basicplanexecution.owl#isParticipantInAction http://www.ontologydesignpatterns.org/cp/owl/basicplanexecution.owl#isRegionIncludedIn http://www.ontologydesignpatterns.org/cp/owl/classification.owl#Concept http://www.ontologydesignpatterns.org/cp/owl/classification.owl#classifies http://www.ontologydesignpatterns.org/cp/owl/classification.owl#isClassifiedBy http://www.ontologydesignpatterns.org/cp/owl/description.owl#Concept http://www.ontologydesignpatterns.org/cp/owl/description.owl#Description http://www.ontologydesignpatterns.org/cp/owl/description.owl#defines http://www.ontologydesignpatterns.org/cp/owl/description.owl#isConceptUsedIn http://www.ontologydesignpatterns.org/cp/owl/description.owl#isDefinedIn http://www.ontologydesignpatterns.org/cp/owl/description.owl#usesConcept http://www.ontologydesignpatterns.org/cp/owl/objectrole.owl#Object http://www.ontologydesignpatterns.org/cp/owl/objectrole.owl#Role http://www.ontologydesignpatterns.org/cp/owl/objectrole.owl#hasRole http://www.ontologydesignpatterns.org/cp/owl/objectrole.owl#isRoleOf http://www.ontologydesignpatterns.org/cp/owl/parameter.owl#Concept http://www.ontologydesignpatterns.org/cp/owl/parameter.owl#Parameter http://www.ontologydesignpatterns.org/cp/owl/parameter.owl#hasParameter http://www.ontologydesignpatterns.org/cp/owl/parameter.owl#hasParameterDataValue http://www.ontologydesignpatterns.org/cp/owl/parameter.owl#isParameterFor http://www.ontologydesignpatterns.org/cp/owl/participation.owl#Event http://www.ontologydesignpatterns.org/cp/owl/participation.owl#Object http://www.ontologydesignpatterns.org/cp/owl/participation.owl#hasParticipant http://www.ontologydesignpatterns.org/cp/owl/participation.owl#isParticipantIn http://www.ontologydesignpatterns.org/cp/owl/partof.owl#hasPart http://www.ontologydesignpatterns.org/cp/owl/partof.owl#isPartOf http://www.ontologydesignpatterns.org/cp/owl/region.owl#Region http://www.ontologydesignpatterns.org/cp/owl/region.owl#hasRegion http://www.ontologydesignpatterns.org/cp/owl/region.owl#hasRegionDataValue http://www.ontologydesignpatterns.org/cp/owl/region.owl#isRegionFor http://www.ontologydesignpatterns.org/cp/owl/sequence.owl#directlyFollows http://www.ontologydesignpatterns.org/cp/owl/sequence.owl#directlyPrecedes http://www.ontologydesignpatterns.org/cp/owl/sequence.owl#follows http://www.ontologydesignpatterns.org/cp/owl/sequence.owl#precedes http://www.ontologydesignpatterns.org/cp/owl/situation.owl#Situation http://www.ontologydesignpatterns.org/cp/owl/situation.owl#hasSetting http://www.ontologydesignpatterns.org/cp/owl/situation.owl#isSettingFor http://www.ontologydesignpatterns.org/cp/owl/taskrole.owl#Role http://www.ontologydesignpatterns.org/cp/owl/taskrole.owl#Task http://www.ontologydesignpatterns.org/cp/owl/taskrole.owl#hasTask http://www.ontologydesignpatterns.org/cp/owl/taskrole.owl#isTaskOf
basicplanexecution	Basicplanexecution Pattern	odp	ontologydesignpatterns.org	structural	general		The basic plans execution content ontology design pattern represents the execution of a plan and the entity that participate in such an execution. This CP is the composition of other CPs: situation and region. Furthermore, it expands such CPs with ontology elements that are partial clones of elements from the DOCLE Ultra Lite and the Plans Lite ontologies.		http://www.ontologydesignpatterns.org/cp/owl/agentrole.owl#Agent http://www.ontologydesignpatterns.org/cp/owl/basicplanexecution.owl#Action http://www.ontologydesignpatterns.org/cp/owl/basicplanexecution.owl#PlanExecution http://www.ontologydesignpatterns.org/cp/owl/basicplanexecution.owl#actionHasParticipant http://www.ontologydesignpatterns.org/cp/owl/basicplanexecution.owl#includesAction http://www.ontologydesignpatterns.org/cp/owl/basicplanexecution.owl#includesAgent http://www.ontologydesignpatterns.org/cp/owl/basicplanexecution.owl#includesObject http://www.ontologydesignpatterns.org/cp/owl/basicplanexecution.owl#includesRegion http://www.ontologydesignpatterns.org/cp/owl/basicplanexecution.owl#isActionIncludedIn http://www.ontologydesignpatterns.org/cp/owl/basicplanexecution.owl#isAgentIncludedIn http://www.ontologydesignpatterns.org/cp/owl/basicplanexecution.owl#isObjectIncludedIn http://www.ontologydesignpatterns.org/cp/owl/basicplanexecution.owl#isParticipantInAction http://www.ontologydesignpatterns.org/cp/owl/basicplanexecution.owl#isRegionIncludedIn http://www.ontologydesignpatterns.org/cp/owl/classification.owl#Concept http://www.ontologydesignpatterns.org/cp/owl/classification.owl#classifies http://www.ontologydesignpatterns.org/cp/owl/classification.owl#isClassifiedBy http://www.ontologydesignpatterns.org/cp/owl/objectrole.owl#Object http://www.ontologydesignpatterns.org/cp/owl/objectrole.owl#Role http://www.ontologydesignpatterns.org/cp/owl/objectrole.owl#hasRole http://www.ontologydesignpatterns.org/cp/owl/objectrole.owl#isRoleOf http://www.ontologydesignpatterns.org/cp/owl/participation.owl#Event http://www.ontologydesignpatterns.org/cp/owl/participation.owl#Object http://www.ontologydesignpatterns.org/cp/owl/participation.owl#hasParticipant http://www.ontologydesignpatterns.org/cp/owl/participation.owl#isParticipantIn http://www.ontologydesignpatterns.org/cp/owl/region.owl#Region http://www.ontologydesignpatterns.org/cp/owl/region.owl#hasRegion http://www.ontologydesignpatterns.org/cp/owl/region.owl#hasRegionDataValue http://www.ontologydesignpatterns.org/cp/owl/region.owl#isRegionFor http://www.ontologydesignpatterns.org/cp/owl/situation.owl#Situation http://www.ontologydesignpatterns.org/cp/owl/situation.owl#hasSetting http://www.ontologydesignpatterns.org/cp/owl/situation.owl#isSettingFor
born-digital-archives	Born Digital Archives Pattern	odp	mklab.iti.gr	structural	digital-media		The pattern intends to model the domain of born digital archives.	What are the main entities (units) that compose born digital archives? These are fonds, series, files and items. What is the hierarchy of units within a born digital archive? Fonds composed from series or files, series composed from files and files composed from items. Who is the creator of an archive? The creator is entity of type foaf:Agent.	http://mklab.iti.gr/pericles/BornDigitalArchives_ODP#Creator http://mklab.iti.gr/pericles/BornDigitalArchives_ODP#File http://mklab.iti.gr/pericles/BornDigitalArchives_ODP#Fonds http://mklab.iti.gr/pericles/BornDigitalArchives_ODP#Item http://mklab.iti.gr/pericles/BornDigitalArchives_ODP#Series http://mklab.iti.gr/pericles/BornDigitalArchives_ODP#Unit http://mklab.iti.gr/pericles/BornDigitalArchives_ODP#hasCreator http://mklab.iti.gr/pericles/BornDigitalArchives_ODP#hasPart http://purl.org/dc/terms/Agent http://schema.org/CreativeWork http://schema.org/ImageObject http://schema.org/Person http://www.w3.org/2000/10/swap/pim/contact#Person http://www.w3.org/2003/01/geo/wgs84_pos#SpatialThing http://xmlns.com/foaf/0.1/Agent http://xmlns.com/foaf/0.1/Document http://xmlns.com/foaf/0.1/Group http://xmlns.com/foaf/0.1/Image http://xmlns.com/foaf/0.1/LabelProperty http://xmlns.com/foaf/0.1/OnlineAccount http://xmlns.com/foaf/0.1/OnlineChatAccount http://xmlns.com/foaf/0.1/OnlineEcommerceAccount http://xmlns.com/foaf/0.1/OnlineGamingAccount http://xmlns.com/foaf/0.1/Organization http://xmlns.com/foaf/0.1/Person http://xmlns.com/foaf/0.1/PersonalProfileDocument http://xmlns.com/foaf/0.1/Project http://xmlns.com/foaf/0.1/account http://xmlns.com/foaf/0.1/accountName http://xmlns.com/foaf/0.1/accountServiceHomepage http://xmlns.com/foaf/0.1/age http://xmlns.com/foaf/0.1/aimChatID http://xmlns.com/foaf/0.1/based_near http://xmlns.com/foaf/0.1/birthday http://xmlns.com/foaf/0.1/currentProject http://xmlns.com/foaf/0.1/depiction http://xmlns.com/foaf/0.1/depicts http://xmlns.com/foaf/0.1/dnaChecksum http://xmlns.com/foaf/0.1/familyName http://xmlns.com/foaf/0.1/family_name http://xmlns.com/foaf/0.1/firstName http://xmlns.com/foaf/0.1/focus http://xmlns.com/foaf/0.1/fundedBy http://xmlns.com/foaf/0.1/geekcode http://xmlns.com/foaf/0.1/gender http://xmlns.com/foaf/0.1/givenName http://xmlns.com/foaf/0.1/givenname http://xmlns.com/foaf/0.1/holdsAccount http://xmlns.com/foaf/0.1/homepage http://xmlns.com/foaf/0.1/icqChatID http://xmlns.com/foaf/0.1/img http://xmlns.com/foaf/0.1/interest http://xmlns.com/foaf/0.1/isPrimaryTopicOf http://xmlns.com/foaf/0.1/jabberID http://xmlns.com/foaf/0.1/knows http://xmlns.com/foaf/0.1/lastName http://xmlns.com/foaf/0.1/logo http://xmlns.com/foaf/0.1/made http://xmlns.com/foaf/0.1/maker http://xmlns.com/foaf/0.1/mbox http://xmlns.com/foaf/0.1/mbox_sha1sum http://xmlns.com/foaf/0.1/member http://xmlns.com/foaf/0.1/msnChatID http://xmlns.com/foaf/0.1/myersBriggs http://xmlns.com/foaf/0.1/name http://xmlns.com/foaf/0.1/nick http://xmlns.com/foaf/0.1/openid http://xmlns.com/foaf/0.1/page http://xmlns.com/foaf/0.1/pastProject http://xmlns.com/foaf/0.1/phone http://xmlns.com/foaf/0.1/plan http://xmlns.com/foaf/0.1/primaryTopic http://xmlns.com/foaf/0.1/publications http://xmlns.com/foaf/0.1/schoolHomepage http://xmlns.com/foaf/0.1/sha1 http://xmlns.com/foaf/0.1/skypeID http://xmlns.com/foaf/0.1/status http://xmlns.com/foaf/0.1/surname http://xmlns.com/foaf/0.1/theme http://xmlns.com/foaf/0.1/thumbnail http://xmlns.com/foaf/0.1/tipjar http://xmlns.com/foaf/0.1/title http://xmlns.com/foaf/0.1/topic http://xmlns.com/foaf/0.1/topic_interest http://xmlns.com/foaf/0.1/weblog http://xmlns.com/foaf/0.1/workInfoHomepage http://xmlns.com/foaf/0.1/workplaceHomepage http://xmlns.com/foaf/0.1/yahooChatID
catchrecord	Catchrecord Pattern	odp	ontologydesignpatterns.org	temporal	biology		To represent the catch records from time series FIGIS application, which contain temporally-indexed aggregated information about aquatic species cacthing.	What species, and what amount of organisms, have been caught from what areas, countries, at what date and fishing year?	http://www.fao.org/aims/aos/fi/species_taxonomic.owl#Species http://www.fao.org/aims/aos/fi/species_taxonomic.owl#Taxon http://www.fao.org/aims/aos/fi/water_FAO_areas.owl#Area http://www.fao.org/aims/aos/fi/water_FAO_areas.owl#FAO_fishing_area http://www.fao.org/aims/aos/fi/water_FAO_areas.owl#TypeOfWater http://www.ontologydesignpatterns.org/cp/owl/fsdas/catchrecord.owl#CatchRecord http://www.ontologydesignpatterns.org/cp/owl/fsdas/catchrecord.owl#Country http://www.ontologydesignpatterns.org/cp/owl/fsdas/catchrecord.owl#UnitOfMeasure http://www.ontologydesignpatterns.org/cp/owl/fsdas/catchrecord.owl#amount http://www.ontologydesignpatterns.org/cp/owl/fsdas/catchrecord.owl#countryOfRecord http://www.ontologydesignpatterns.org/cp/owl/fsdas/catchrecord.owl#fishingAreaOfRecord http://www.ontologydesignpatterns.org/cp/owl/fsdas/catchrecord.owl#forCountry http://www.ontologydesignpatterns.org/cp/owl/fsdas/catchrecord.owl#fromFishingArea http://www.ontologydesignpatterns.org/cp/owl/fsdas/catchrecord.owl#hasCatchRecord http://www.ontologydesignpatterns.org/cp/owl/fsdas/catchrecord.owl#isCatchRecordFor http://www.ontologydesignpatterns.org/cp/owl/fsdas/catchrecord.owl#referenceYear http://www.ontologydesignpatterns.org/cp/owl/fsdas/catchrecord.owl#reportingYear http://www.ontologydesignpatterns.org/cp/owl/fsdas/catchrecord.owl#unitUsedInRecord http://www.ontologydesignpatterns.org/cp/owl/fsdas/catchrecord.owl#withUnit http://www.ontologydesignpatterns.org/cp/owl/fsdas/speciesfactsheet.owl#foundIn http://www.ontologydesignpatterns.org/cp/owl/fsdas/speciesfactsheets.owl#areaOfSpecies http://www.ontologydesignpatterns.org/cp/owl/fsdas/speciesfactsheets.owl#foundIn http://www.ontologydesignpatterns.org/cp/owl/fsdas/speciesfactsheets.owl#hasMaxBathymetryValue http://www.ontologydesignpatterns.org/cp/owl/fsdas/speciesspeciesfactsheets.owl#hasMinBathymetryValue http://www.ontologydesignpatterns.org/cp/owl/fsdas/waterareas.owl#hasCountryCode http://www.ontologydesignpatterns.org/cp/owl/fsdas/waterareas.owl#hasLMECode http://www.ontologydesignpatterns.org/cp/owl/fsdas/waterareas.owl#hasRFBCompetenceCode http://www.ontologydesignpatterns.org/cp/owl/observation.owl#Observation http://www.ontologydesignpatterns.org/cp/owl/observation.owl#Parameter http://www.ontologydesignpatterns.org/cp/owl/observation.owl#hasObservation http://www.ontologydesignpatterns.org/cp/owl/observation.owl#hasParameter http://www.ontologydesignpatterns.org/cp/owl/observation.owl#inDate http://www.ontologydesignpatterns.org/cp/owl/observation.owl#isObservationOf http://www.ontologydesignpatterns.org/cp/owl/observation.owl#isParameterOf http://www.ontologydesignpatterns.org/cp/owl/place.owl#Place http://www.ontologydesignpatterns.org/cp/owl/place.owl#hasLocation http://www.ontologydesignpatterns.org/cp/owl/place.owl#isLocationOf http://www.ontologydesignpatterns.org/cp/owl/situation.owl#Situation http://www.ontologydesignpatterns.org/cp/owl/situation.owl#hasSetting http://www.ontologydesignpatterns.org/cp/owl/situation.owl#isSettingFor
chessgame	Chessgame Pattern	odp	purl.org	structural	games		To model a flexible schema to allow exposing chess games as linked data.	Who played against Kasparov in the round 1994 Linares tournament? Did (s)he play as a white or black player?; What is the first move taken by black player in the Sicilian Defence opening?; List all moves in a Fools Mate game where black wins after 2 moves by both players?; What did Kasparov say about his opponent first two moves in his commentary about his game against Topalov in 1999 Tournament in Wijk aan Zee?	http://purl.org/NET/rdfchess/ontology/ActingPlayerRole http://purl.org/NET/rdfchess/ontology/Agent http://purl.org/NET/rdfchess/ontology/AgentRole http://purl.org/NET/rdfchess/ontology/AuthorRole http://purl.org/NET/rdfchess/ontology/BlackPlayerRole http://purl.org/NET/rdfchess/ontology/ChessCompetitionInstance http://purl.org/NET/rdfchess/ontology/ChessCompetitionRound http://purl.org/NET/rdfchess/ontology/ChessCompetitionSeries http://purl.org/NET/rdfchess/ontology/ChessGame http://purl.org/NET/rdfchess/ontology/ChessGameManifestation http://purl.org/NET/rdfchess/ontology/ChessGameResult http://purl.org/NET/rdfchess/ontology/ChessOpening http://purl.org/NET/rdfchess/ontology/Event http://purl.org/NET/rdfchess/ontology/HalfMove http://purl.org/NET/rdfchess/ontology/HalfMoveAnnotation http://purl.org/NET/rdfchess/ontology/Place http://purl.org/NET/rdfchess/ontology/TemporalExtent http://purl.org/NET/rdfchess/ontology/WhitePlayerRole http://purl.org/NET/rdfchess/ontology/annotatesHalfMove http://purl.org/NET/rdfchess/ontology/atPlace http://purl.org/NET/rdfchess/ontology/atTime http://purl.org/NET/rdfchess/ontology/containsAnnotation http://purl.org/NET/rdfchess/ontology/encodedAsSAN http://purl.org/NET/rdfchess/ontology/hasContent http://purl.org/NET/rdfchess/ontology/hasECOCode http://purl.org/NET/rdfchess/ontology/hasFirstHalfMove http://purl.org/NET/rdfchess/ontology/hasHalfMove http://purl.org/NET/rdfchess/ontology/hasLastHalfMove http://purl.org/NET/rdfchess/ontology/hasManifestation http://purl.org/NET/rdfchess/ontology/hasOpening http://purl.org/NET/rdfchess/ontology/hasOpeningName http://purl.org/NET/rdfchess/ontology/hasPGNFile http://purl.org/NET/rdfchess/ontology/hasResult http://purl.org/NET/rdfchess/ontology/hasSANRecord http://purl.org/NET/rdfchess/ontology/nextHalfMove http://purl.org/NET/rdfchess/ontology/originatesFrom http://purl.org/NET/rdfchess/ontology/partOf http://purl.org/NET/rdfchess/ontology/performedBy http://purl.org/NET/rdfchess/ontology/providesAgentRole http://purl.org/NET/rdfchess/ontology/subEventOf
classification	Classification Pattern	odp	ontologydesignpatterns.org	structural	general		Represents the assignment of a concept to a classification scheme or taxonomy.	What concept classifies this entity? What entities are classified by this concept?	http://www.ontologydesignpatterns.org/cp/owl/classification.owl#Concept http://www.ontologydesignpatterns.org/cp/owl/classification.owl#Entity http://www.ontologydesignpatterns.org/cp/owl/classification.owl#classifies http://www.ontologydesignpatterns.org/cp/owl/classification.owl#isClassifiedBy
climaticzone	Climaticzone Pattern	odp	ontologydesignpatterns.org	observation	biology		The intent of the pattern is to be able to represent climatic zones for aquatic resources.	What resource has what climatic zone?	http://www.ontologydesignpatterns.org/cp/owl/fsdas/aquaticresources.owl#AquaticResource http://www.ontologydesignpatterns.org/cp/owl/fsdas/aquaticresources.owl#AquaticSpecies http://www.ontologydesignpatterns.org/cp/owl/fsdas/aquaticresources.owl#WaterArea http://www.ontologydesignpatterns.org/cp/owl/fsdas/aquaticresources.owl#canOccurIn http://www.ontologydesignpatterns.org/cp/owl/fsdas/aquaticresources.owl#hasSpecies http://www.ontologydesignpatterns.org/cp/owl/fsdas/aquaticresources.owl#isAreaOfOccurrenceOf http://www.ontologydesignpatterns.org/cp/owl/fsdas/aquaticresources.owl#isSpeciesPresentIn http://www.ontologydesignpatterns.org/cp/owl/fsdas/climaticzone.owl#AquaticResource http://www.ontologydesignpatterns.org/cp/owl/fsdas/climaticzone.owl#AquaticResourceObservation http://www.ontologydesignpatterns.org/cp/owl/fsdas/climaticzone.owl#ClimaticZone http://www.ontologydesignpatterns.org/cp/owl/fsdas/climaticzone.owl#hasClimaticZone http://www.ontologydesignpatterns.org/cp/owl/fsdas/climaticzone.owl#hasReferenceYear http://www.ontologydesignpatterns.org/cp/owl/fsdas/climaticzone.owl#hasResource http://www.ontologydesignpatterns.org/cp/owl/fsdas/climaticzone.owl#isClimaticZoneOf http://www.ontologydesignpatterns.org/cp/owl/fsdas/climaticzone.owl#isResourceOf http://www.ontologydesignpatterns.org/cp/owl/observation.owl#Observation http://www.ontologydesignpatterns.org/cp/owl/observation.owl#Parameter http://www.ontologydesignpatterns.org/cp/owl/observation.owl#hasObservation http://www.ontologydesignpatterns.org/cp/owl/observation.owl#hasParameter http://www.ontologydesignpatterns.org/cp/owl/observation.owl#inDate http://www.ontologydesignpatterns.org/cp/owl/observation.owl#isObservationOf http://www.ontologydesignpatterns.org/cp/owl/observation.owl#isParameterOf http://www.ontologydesignpatterns.org/cp/owl/situation.owl#Situation http://www.ontologydesignpatterns.org/cp/owl/situation.owl#hasSetting http://www.ontologydesignpatterns.org/cp/owl/situation.owl#isSettingFor
co-participation	Co-Participation Pattern	odp	ontologydesignpatterns.org	behavioral	general		Two or more objects co-participate in the same event.	What objects co-participate in this event? Which events involve co-participation of these objects?	http://www.ontologydesignpatterns.org/cp/owl/coparticipation.owl#Event http://www.ontologydesignpatterns.org/cp/owl/coparticipation.owl#Object http://www.ontologydesignpatterns.org/cp/owl/coparticipation.owl#coParticipatesWith http://www.ontologydesignpatterns.org/cp/owl/coparticipation.owl#hasParticipant
collection	Collection Pattern	odp	ontologydesignpatterns.org	structural	social		To represent domain (not set theory) membership.	What things are contained in this collection (community, collective)? What collections this thing is member of?	http://www.ontologydesignpatterns.org/cp/owl/collectionentity.owl#Collection http://www.ontologydesignpatterns.org/cp/owl/collectionentity.owl#hasMember http://www.ontologydesignpatterns.org/cp/owl/collectionentity.owl#isMemberOf
collection-entity	Collection Entity Pattern	odp	ontologydesignpatterns.org	structural	general	collection	Represents a collection and its members. Collections group entities that share some criterion.	What members belong to this collection? Which collections contain this entity?	http://www.ontologydesignpatterns.org/cp/owl/collectionentity.owl#Collection http://www.ontologydesignpatterns.org/cp/owl/collectionentity.owl#Entity http://www.ontologydesignpatterns.org/cp/owl/collectionentity.owl#hasMember http://www.ontologydesignpatterns.org/cp/owl/collectionentity.owl#isMemberOf
collectionentity	Collectionentity Pattern	odp	ontologydesignpatterns.org	structural	general	collection	To represent domain (not set theory) membership.	What things are contained in this collection (community, collective)? What collections this thing is member of?	http://www.ontologydesignpatterns.org/cp/owl/collectionentity.owl#Collection http://www.ontologydesignpatterns.org/cp/owl/collectionentity.owl#hasMember http://www.ontologydesignpatterns.org/cp/owl/collectionentity.owl#isMemberOf
communities	Communities Pattern	odp	ontologydesignpatterns.org	information	general				http://www.ontologydesignpatterns.org/cp/owl/agentrole.owl#Agent http://www.ontologydesignpatterns.org/cp/owl/classification.owl#Concept http://www.ontologydesignpatterns.org/cp/owl/classification.owl#classifies http://www.ontologydesignpatterns.org/cp/owl/classification.owl#isClassifiedBy http://www.ontologydesignpatterns.org/cp/owl/collectionentity.owl#Collection http://www.ontologydesignpatterns.org/cp/owl/collectionentity.owl#hasMember http://www.ontologydesignpatterns.org/cp/owl/collectionentity.owl#isMemberOf http://www.ontologydesignpatterns.org/cp/owl/communities.owl#Community http://www.ontologydesignpatterns.org/cp/owl/objectrole.owl#Object http://www.ontologydesignpatterns.org/cp/owl/objectrole.owl#Role http://www.ontologydesignpatterns.org/cp/owl/objectrole.owl#hasRole http://www.ontologydesignpatterns.org/cp/owl/objectrole.owl#isRoleOf
componency	Componency Pattern	odp	ontologydesignpatterns.org	structural	general		To represent (non-transitively) that entities either are proper parts of other entities, or have proper parts.	What is this entity component of? What are the components of this entity?	http://www.ontologydesignpatterns.org/cp/owl/componency.owl#Object http://www.ontologydesignpatterns.org/cp/owl/componency.owl#hasComponent http://www.ontologydesignpatterns.org/cp/owl/componency.owl#isComponentOf http://www.ontologydesignpatterns.org/cp/owl/partof.owl#hasPart http://www.ontologydesignpatterns.org/cp/owl/partof.owl#isPartOf
computer-system	Computer System Pattern	odp	mklab.iti.gr	behavioral	computing		The pattern intends to model computer systems based on a hardware/software approach.	What is currently installed in a computer? A computer uses specific pieces of hardware and software. What software or hardware is required so that some other software or hardware can operate properly? This relationship is represented with properties requiresSoftware and requiresHardware. What software or hardware is compatible with other software or hardware? This is expressed via the isCompatibleWith relationship.	http://mklab.iti.gr/pericles/ComputerSystem_ODP#Computer http://mklab.iti.gr/pericles/ComputerSystem_ODP#Driver http://mklab.iti.gr/pericles/ComputerSystem_ODP#Hardware http://mklab.iti.gr/pericles/ComputerSystem_ODP#OperatingSystem http://mklab.iti.gr/pericles/ComputerSystem_ODP#Software http://mklab.iti.gr/pericles/ComputerSystem_ODP#isCompatibleWith http://mklab.iti.gr/pericles/ComputerSystem_ODP#requiresHardware http://mklab.iti.gr/pericles/ComputerSystem_ODP#requiresSoftware http://mklab.iti.gr/pericles/ComputerSystem_ODP#usesDriver http://mklab.iti.gr/pericles/ComputerSystem_ODP#usesHardware http://mklab.iti.gr/pericles/ComputerSystem_ODP#usesOperatingSystem http://mklab.iti.gr/pericles/ComputerSystem_ODP#usesSoftware
constituency	Constituency Pattern	odp	ontologydesignpatterns.org	structural	general		The constituency pattern. It is extracted from DOLCE-UltraLite by partial clone of elements.		http://www.ontologydesignpatterns.org/cp/owl/constituency.owl#hasConstituent http://www.ontologydesignpatterns.org/cp/owl/constituency.owl#isConstituentOf
contentops	Contentops Pattern	odp	irit.fr	structural	general	actuation-actuator-effect	Below you find the currently proposed Content OPs (CPs). New proposals of CPs are very welcome. Please post a new proposal if you want to contribute. Domain --- --- Act as a basic model for Agricultural Related Ontologies, in particular for t...		http://delicias.dia.fi.upm.es/ontologies/ObjectWithStates.owl#Object http://purl.oclc.org/NET/ssnx/ssn#Device http://purl.oclc.org/NET/ssnx/ssn#FeatureOfInterest http://purl.oclc.org/NET/ssnx/ssn#Input http://purl.oclc.org/NET/ssnx/ssn#Process http://purl.oclc.org/NET/ssnx/ssn#Property http://purl.oclc.org/NET/ssnx/ssn#forProperty http://purl.oclc.org/NET/ssnx/ssn#hasProperty http://purl.oclc.org/NET/ssnx/ssn#hasValue http://purl.oclc.org/NET/ssnx/ssn#implements http://purl.oclc.org/NET/ssnx/ssn#isPropertyOf http://purl.org/vocommons/voaf#Vocabulary http://qudt.org/schema/qudt#QuantityKind http://qudt.org/schema/qudt#Unit http://www.irit.fr/recherches/MELODI/ontologies/SAN#Acting http://www.irit.fr/recherches/MELODI/ontologies/SAN#ActuatingCapability http://www.irit.fr/recherches/MELODI/ontologies/SAN#ActuatingDevice http://www.irit.fr/recherches/MELODI/ontologies/SAN#ActuatingProperty http://www.irit.fr/recherches/MELODI/ontologies/SAN#ActuatingRange http://www.irit.fr/recherches/MELODI/ontologies/SAN#ActuatingTime http://www.irit.fr/recherches/MELODI/ontologies/SAN#Actuation http://www.irit.fr/recherches/MELODI/ontologies/SAN#ActuationValue http://www.irit.fr/recherches/MELODI/ontologies/SAN#Actuator http://www.irit.fr/recherches/MELODI/ontologies/SAN#ActuatorInput http://www.irit.fr/recherches/MELODI/ontologies/SAN#ActuatorOutput http://www.irit.fr/recherches/MELODI/ontologies/SAN#Effect http://www.irit.fr/recherches/MELODI/ontologies/SAN#Situation http://www.irit.fr/recherches/MELODI/ontologies/SAN#actsOn http://www.irit.fr/recherches/MELODI/ontologies/SAN#actuationMethodUsed http://www.irit.fr/recherches/MELODI/ontologies/SAN#actuationResults http://www.irit.fr/recherches/MELODI/ontologies/SAN#consumes http://www.irit.fr/recherches/MELODI/ontologies/SAN#controlledBy http://www.irit.fr/recherches/MELODI/ontologies/SAN#hasActuatingCapability http://www.irit.fr/recherches/MELODI/ontologies/SAN#hasActuatingProperty http://www.irit.fr/recherches/MELODI/ontologies/SAN#hasDateTime http://www.irit.fr/recherches/MELODI/ontologies/SAN#hasEffect http://www.irit.fr/recherches/MELODI/ontologies/SAN#impactedProperty http://www.irit.fr/recherches/MELODI/ontologies/SAN#impacts http://www.irit.fr/recherches/MELODI/ontologies/SAN#isActedUponBy http://www.irit.fr/recherches/MELODI/ontologies/SAN#isConsumedBy http://www.irit.fr/recherches/MELODI/ontologies/SAN#isController http://www.irit.fr/recherches/MELODI/ontologies/SAN#receivedActuation http://www.irit.fr/recherches/MELODI/ontologies/SAN#wasActuationSent http://www.linkedmodel.org/schema/vaem#date http://www.ontologydesignpatterns.org/cp/owl/situation.owl#Situation http://www.ontologydesignpatterns.org/ont/dul/DUL.owl#Agent http://www.ontologydesignpatterns.org/ont/dul/DUL.owl#Amount http://www.ontologydesignpatterns.org/ont/dul/DUL.owl#Entity http://www.ontologydesignpatterns.org/ont/dul/DUL.owl#Event http://www.ontologydesignpatterns.org/ont/dul/DUL.owl#InformationObject http://www.ontologydesignpatterns.org/ont/dul/DUL.owl#Method http://www.ontologydesignpatterns.org/ont/dul/DUL.owl#Object http://www.ontologydesignpatterns.org/ont/dul/DUL.owl#PhysicalObject http://www.ontologydesignpatterns.org/ont/dul/DUL.owl#Process http://www.ontologydesignpatterns.org/ont/dul/DUL.owl#Quality http://www.ontologydesignpatterns.org/ont/dul/DUL.owl#Region http://www.ontologydesignpatterns.org/ont/dul/DUL.owl#UnitOfMeasure http://www.ontologydesignpatterns.org/ont/dul/DUL.owl#includesEvent http://www.ontologydesignpatterns.org/ont/dul/DUL.owl#isParametrizedBy http://www.ontologydesignpatterns.org/ont/dul/DUL.owl#isSettingFor http://www.w3.org/2006/time#Instant
contextualizedwinstonpartwhole	Contextualizedwinstonpartwhole Pattern	odp	daselab.org	structural	general		Ontology design pattern for modeling contextualizedwinstonpartwhole relationships and concepts.		http://daselab.org/ContextualizedWinstonPartWhole#IsPartOf http://daselab.org/ContextualizedWinstonPartWhole#PO-Component-Type http://daselab.org/ContextualizedWinstonPartWhole#PO-Feature-Type http://daselab.org/ContextualizedWinstonPartWhole#PO-Member-Type http://daselab.org/ContextualizedWinstonPartWhole#PO-Part-Of_Type http://daselab.org/ContextualizedWinstonPartWhole#PO-Place-Type http://daselab.org/ContextualizedWinstonPartWhole#PO-Portion-Type http://daselab.org/ContextualizedWinstonPartWhole#PO-Stuff-Type http://daselab.org/ContextualizedWinstonPartWhole#RelationInstance http://daselab.org/ContextualizedWinstonPartWhole#Spatially-Located-In-Type http://daselab.org/ContextualizedWinstonPartWhole#hasWhole http://daselab.org/ContextualizedWinstonPartWhole#part-of http://daselab.org/ContextualizedWinstonPartWhole#spatially-located-in
controlflow	Controlflow Pattern	odp	ontologydesignpatterns.org	behavioral	general		To represent control flows: activation, branching, decisions, concurrency, etc.		http://www.ontologydesignpatterns.org/cp/owl/agentrole.owl#Agent http://www.ontologydesignpatterns.org/cp/owl/classification.owl#Concept http://www.ontologydesignpatterns.org/cp/owl/classification.owl#classifies http://www.ontologydesignpatterns.org/cp/owl/classification.owl#isClassifiedBy http://www.ontologydesignpatterns.org/cp/owl/controlflow.owl#AbstractMergingTask http://www.ontologydesignpatterns.org/cp/owl/controlflow.owl#ActionTask http://www.ontologydesignpatterns.org/cp/owl/controlflow.owl#ActivationTask http://www.ontologydesignpatterns.org/cp/owl/controlflow.owl#BooleanCaseTask http://www.ontologydesignpatterns.org/cp/owl/controlflow.owl#BranchingTask http://www.ontologydesignpatterns.org/cp/owl/controlflow.owl#CaseTask http://www.ontologydesignpatterns.org/cp/owl/controlflow.owl#ConcurrencyTask http://www.ontologydesignpatterns.org/cp/owl/controlflow.owl#ControlTask http://www.ontologydesignpatterns.org/cp/owl/controlflow.owl#DecisionActivity http://www.ontologydesignpatterns.org/cp/owl/controlflow.owl#DeliberationState http://www.ontologydesignpatterns.org/cp/owl/controlflow.owl#DeliberationTask http://www.ontologydesignpatterns.org/cp/owl/controlflow.owl#EndingTask http://www.ontologydesignpatterns.org/cp/owl/controlflow.owl#LoopTask http://www.ontologydesignpatterns.org/cp/owl/controlflow.owl#MergingTask http://www.ontologydesignpatterns.org/cp/owl/controlflow.owl#SynchroTask http://www.ontologydesignpatterns.org/cp/owl/objectrole.owl#Object http://www.ontologydesignpatterns.org/cp/owl/objectrole.owl#Role http://www.ontologydesignpatterns.org/cp/owl/objectrole.owl#hasRole http://www.ontologydesignpatterns.org/cp/owl/objectrole.owl#isRoleOf http://www.ontologydesignpatterns.org/cp/owl/participation.owl#Event http://www.ontologydesignpatterns.org/cp/owl/participation.owl#Object http://www.ontologydesignpatterns.org/cp/owl/participation.owl#hasParticipant http://www.ontologydesignpatterns.org/cp/owl/participation.owl#isParticipantIn http://www.ontologydesignpatterns.org/cp/owl/sequence.owl#directlyFollows http://www.ontologydesignpatterns.org/cp/owl/sequence.owl#directlyPrecedes http://www.ontologydesignpatterns.org/cp/owl/sequence.owl#follows http://www.ontologydesignpatterns.org/cp/owl/sequence.owl#precedes http://www.ontologydesignpatterns.org/cp/owl/taskexecution.owl#Action http://www.ontologydesignpatterns.org/cp/owl/taskexecution.owl#executesTask http://www.ontologydesignpatterns.org/cp/owl/taskexecution.owl#isExecutedIn http://www.ontologydesignpatterns.org/cp/owl/taskrole.owl#Role http://www.ontologydesignpatterns.org/cp/owl/taskrole.owl#Task http://www.ontologydesignpatterns.org/cp/owl/taskrole.owl#hasTask http://www.ontologydesignpatterns.org/cp/owl/taskrole.owl#isTaskOf
countingas	Countingas Pattern	odp	ontologydesignpatterns.org	information	general				http://www.ontologydesignpatterns.org/cp/owl/classification.owl#Concept http://www.ontologydesignpatterns.org/cp/owl/classification.owl#classifies http://www.ontologydesignpatterns.org/cp/owl/classification.owl#isClassifiedBy http://www.ontologydesignpatterns.org/cp/owl/countingas.owl#CountingAs http://www.ontologydesignpatterns.org/cp/owl/situation.owl#Situation http://www.ontologydesignpatterns.org/cp/owl/situation.owl#hasSetting http://www.ontologydesignpatterns.org/cp/owl/situation.owl#isSettingFor
description	Description Pattern	odp	ontologydesignpatterns.org	information	general		Represents non-physical objects (descriptions, plans, norms) that define or describe situations.	What does this description define? What situation satisfies this description?	http://www.ontologydesignpatterns.org/cp/owl/description.owl#Concept http://www.ontologydesignpatterns.org/cp/owl/description.owl#Description http://www.ontologydesignpatterns.org/cp/owl/description.owl#isConceptUsedIn http://www.ontologydesignpatterns.org/cp/owl/description.owl#usesConcept
descriptionandsituation	Descriptionandsituation Pattern	odp	ontologydesignpatterns.org	structural	general		The Description and Situation content ontology design pattern. This CP represents conceptualizations i.e., descriptions, and corresponding groundings i.e., situations. The pattern is extracted from DOLCE+DnS Ultralite by partial cloning of elements, and is composed of three other CPs: description, situation, and classification.		http://www.ontologydesignpatterns.org/cp/owl/classification.owl#Concept http://www.ontologydesignpatterns.org/cp/owl/classification.owl#classifies http://www.ontologydesignpatterns.org/cp/owl/classification.owl#isClassifiedBy http://www.ontologydesignpatterns.org/cp/owl/description.owl#Concept http://www.ontologydesignpatterns.org/cp/owl/description.owl#Description http://www.ontologydesignpatterns.org/cp/owl/description.owl#defines http://www.ontologydesignpatterns.org/cp/owl/description.owl#isConceptUsedIn http://www.ontologydesignpatterns.org/cp/owl/description.owl#isDefinedIn http://www.ontologydesignpatterns.org/cp/owl/description.owl#usesConcept http://www.ontologydesignpatterns.org/cp/owl/descriptionandsituation.owl#describes http://www.ontologydesignpatterns.org/cp/owl/descriptionandsituation.owl#isDescribedBy http://www.ontologydesignpatterns.org/cp/owl/descriptionandsituation.owl#isSatisfiedBy http://www.ontologydesignpatterns.org/cp/owl/descriptionandsituation.owl#satisfies http://www.ontologydesignpatterns.org/cp/owl/situation.owl#Situation http://www.ontologydesignpatterns.org/cp/owl/situation.owl#hasSetting http://www.ontologydesignpatterns.org/cp/owl/situation.owl#isSettingFor
detectorfinalstate	Detectorfinalstate Pattern	odp	purl.org	conceptual	general		This pattern represent schematic model for data obtained from results of high-energy physics experiments, such as ones ran in the CERN's Large Hadron Collider. Specifically, this pattern models the notion of Detector Final State, a composition obatined by a selection of some target characteristics concerning physics measurements and parameters of experiments.	Retrieve all analyses that veto extra leptons.; Retrieve all analyses that used jets in the final state.; Retrieve all analyses requiring large missing energy.; Retrieve all analyses requireing particles to have an invariant mass near the Z pole.	http://purl.org/net/detectorfinalstate/And http://purl.org/net/detectorfinalstate/BaseDefinition http://purl.org/net/detectorfinalstate/BinaryRelation http://purl.org/net/detectorfinalstate/DetectorFinalState http://purl.org/net/detectorfinalstate/EventLevelQuantity http://purl.org/net/detectorfinalstate/FinalStateObject http://purl.org/net/detectorfinalstate/Number http://purl.org/net/detectorfinalstate/NumericalValue http://purl.org/net/detectorfinalstate/Or http://purl.org/net/detectorfinalstate/PhysicalQuantity http://purl.org/net/detectorfinalstate/PhysicalValue http://purl.org/net/detectorfinalstate/PhysicsObject http://purl.org/net/detectorfinalstate/SelectionCriteria http://purl.org/net/detectorfinalstate/Unit http://purl.org/net/detectorfinalstate/hasBaseDefinition http://purl.org/net/detectorfinalstate/hasFirstArgument http://purl.org/net/detectorfinalstate/hasNumber http://purl.org/net/detectorfinalstate/hasNumericalValue http://purl.org/net/detectorfinalstate/hasOperand http://purl.org/net/detectorfinalstate/hasSecondArgument http://purl.org/net/detectorfinalstate/hasSelectionCriteria http://purl.org/net/detectorfinalstate/hasUnit http://purl.org/net/detectorfinalstate/refersToObject http://purl.org/net/detectorfinalstate/usesBinaryRelation http://purl.org/net/detectorfinalstate/vetoesSelectionCriteria
digitalvideo	Digitalvideo Pattern	odp	mklab.iti.gr	structural	digital-media		The pattern intends to model digital video files, their components and other associated entities, such as codecs and containers.	1. What does a digital video file consist of? A digital video file usually consists of one or more streams. These streams are compressed using codecs (coder-decoder) and wrapped into a container. 2. What types of streams exist in a video file? Video streams, audio streams and subtitle streams. A video file has at least one video stream and may also have any number and any type of other streams. 3. What types of codecs exist? Video and audio codecs.	http://mklab.iti.gr/pericles/DigitalVideo_ODP#AnalogBroadcastStandard http://mklab.iti.gr/pericles/DigitalVideo_ODP#AspectRatio http://mklab.iti.gr/pericles/DigitalVideo_ODP#AudioCodec http://mklab.iti.gr/pericles/DigitalVideo_ODP#AudioStream http://mklab.iti.gr/pericles/DigitalVideo_ODP#BitRate http://mklab.iti.gr/pericles/DigitalVideo_ODP#ChromaFormat http://mklab.iti.gr/pericles/DigitalVideo_ODP#Codec http://mklab.iti.gr/pericles/DigitalVideo_ODP#CodingStandard http://mklab.iti.gr/pericles/DigitalVideo_ODP#ColourSpaceType http://mklab.iti.gr/pericles/DigitalVideo_ODP#CompressionType http://mklab.iti.gr/pericles/DigitalVideo_ODP#Container http://mklab.iti.gr/pericles/DigitalVideo_ODP#Descriptor http://mklab.iti.gr/pericles/DigitalVideo_ODP#DigitalVideo http://mklab.iti.gr/pericles/DigitalVideo_ODP#EmbeddingType http://mklab.iti.gr/pericles/DigitalVideo_ODP#FrameRate http://mklab.iti.gr/pericles/DigitalVideo_ODP#FrameSize http://mklab.iti.gr/pericles/DigitalVideo_ODP#PlaybackDuration http://mklab.iti.gr/pericles/DigitalVideo_ODP#RangeType http://mklab.iti.gr/pericles/DigitalVideo_ODP#SampleRate http://mklab.iti.gr/pericles/DigitalVideo_ODP#ScanType http://mklab.iti.gr/pericles/DigitalVideo_ODP#SetOfStandards http://mklab.iti.gr/pericles/DigitalVideo_ODP#Stream http://mklab.iti.gr/pericles/DigitalVideo_ODP#SubtitleStream http://mklab.iti.gr/pericles/DigitalVideo_ODP#SubtitleTextFormat http://mklab.iti.gr/pericles/DigitalVideo_ODP#VideoCodec http://mklab.iti.gr/pericles/DigitalVideo_ODP#VideoCodecLevel http://mklab.iti.gr/pericles/DigitalVideo_ODP#VideoCodecProfile http://mklab.iti.gr/pericles/DigitalVideo_ODP#VideoQualityMeasurement http://mklab.iti.gr/pericles/DigitalVideo_ODP#VideoQualityMetric http://mklab.iti.gr/pericles/DigitalVideo_ODP#VideoStream http://mklab.iti.gr/pericles/DigitalVideo_ODP#YUVSampleRange http://mklab.iti.gr/pericles/DigitalVideo_ODP#hasAnalogBroadcastStandard http://mklab.iti.gr/pericles/DigitalVideo_ODP#hasAspectRatio http://mklab.iti.gr/pericles/DigitalVideo_ODP#hasAudioStream http://mklab.iti.gr/pericles/DigitalVideo_ODP#hasBitRate http://mklab.iti.gr/pericles/DigitalVideo_ODP#hasChromaFormat http://mklab.iti.gr/pericles/DigitalVideo_ODP#hasCodingStandard http://mklab.iti.gr/pericles/DigitalVideo_ODP#hasColourSpaceType http://mklab.iti.gr/pericles/DigitalVideo_ODP#hasCompressionType http://mklab.iti.gr/pericles/DigitalVideo_ODP#hasEmbeddingType http://mklab.iti.gr/pericles/DigitalVideo_ODP#hasFrameRate http://mklab.iti.gr/pericles/DigitalVideo_ODP#hasFrameSize http://mklab.iti.gr/pericles/DigitalVideo_ODP#hasPlaybackDuration http://mklab.iti.gr/pericles/DigitalVideo_ODP#hasRangeType http://mklab.iti.gr/pericles/DigitalVideo_ODP#hasSampleRate http://mklab.iti.gr/pericles/DigitalVideo_ODP#hasScanType http://mklab.iti.gr/pericles/DigitalVideo_ODP#hasSetOfStandards http://mklab.iti.gr/pericles/DigitalVideo_ODP#hasStream http://mklab.iti.gr/pericles/DigitalVideo_ODP#hasSubtitleStream http://mklab.iti.gr/pericles/DigitalVideo_ODP#hasSubtitleTextFormat http://mklab.iti.gr/pericles/DigitalVideo_ODP#hasVideoCodecLevel http://mklab.iti.gr/pericles/DigitalVideo_ODP#hasVideoCodecProfile http://mklab.iti.gr/pericles/DigitalVideo_ODP#hasVideoQualityMeasurement http://mklab.iti.gr/pericles/DigitalVideo_ODP#hasVideoQualityMetric http://mklab.iti.gr/pericles/DigitalVideo_ODP#hasVideoStream http://mklab.iti.gr/pericles/DigitalVideo_ODP#hasYUVSampleRange http://mklab.iti.gr/pericles/DigitalVideo_ODP#processedBy http://mklab.iti.gr/pericles/DigitalVideo_ODP#wrappedBy
eep	EEP Pattern	odp	ontologydesignpatterns.org	structural	iot		The DOLCE+DnS Ultralite ontology. It is a simplification of some parts of the DOLCE Lite-Plus library (cf. http://www.ontologydesignpatterns.org/ont/dul/DLP397.owl). Main aspects in which DOLCE+DnS Ultralite departs from DOLCE Lite-Plus are the following: - The names of classes and relations have been made more intuitive - The DnS-related part is closer to the newer 'constructive DnS' ontology (http://www.ontologydesignpatterns.org/ont/dul/cDnS.owl). - Temporal and spatial relations are simplified - Qualities and regions are more relaxed than in DOLCE-Full: they can be used as attributes of any entity; an axiom states that each quality has a region - Axiomatization makes use of simpler constructs than DOLCE Lite-Plus - The architecture of the ontology is pattern-based, which means that DOLCE+DnS Ultralite is also available in modules, called 'content ontology design patterns', which can be applied independently in the design of domain ontologies (cf. http://www.ontologydesignpatterns.org). If many modules are needed in a same ontology project, it is anyway useful to use this integrated version. The final result is a lightweight, easy-to-apply foundational ontology for modeling either physical or social contexts. Several extensions of DOLCE+DnS Ultralite have been designed: - Information objects: http://www.ontologydesignpatterns.org/ont/dul/IOLite.owl - Systems: http://www.ontologydesignpatterns.org/ont/dul/SystemsLite.owl - Plans: http://www.ontologydesignpatterns.org/ont/dul/PlansLite.owl - Legal domain: http://www.ontologydesignpatterns.org/ont/dul/CLO/CoreLegal.owl - Lexical and semiotic domains: http://www.ontologydesignpatterns.org/ont/lmm/LMM_L2.owl - DOLCE-Zero: http://www.ontologydesignpatterns.org/ont/d0.owl is a commonsense-oriented generalisation of some top-level classes, which allows to use DOLCE with tolerance against ambiguities like abstract vs. concrete information, locations vs. physical artifacts, event occurrences vs. event types, events vs. situations, qualities vs. regions, etc.; etc.		http://www.ontologydesignpatterns.org/ont/dul/DUL.owl#Abstract http://www.ontologydesignpatterns.org/ont/dul/DUL.owl#Action http://www.ontologydesignpatterns.org/ont/dul/DUL.owl#Agent http://www.ontologydesignpatterns.org/ont/dul/DUL.owl#Amount http://www.ontologydesignpatterns.org/ont/dul/DUL.owl#BiologicalObject http://www.ontologydesignpatterns.org/ont/dul/DUL.owl#ChemicalObject http://www.ontologydesignpatterns.org/ont/dul/DUL.owl#Classification http://www.ontologydesignpatterns.org/ont/dul/DUL.owl#Collection http://www.ontologydesignpatterns.org/ont/dul/DUL.owl#Collective http://www.ontologydesignpatterns.org/ont/dul/DUL.owl#CollectiveAgent http://www.ontologydesignpatterns.org/ont/dul/DUL.owl#Community http://www.ontologydesignpatterns.org/ont/dul/DUL.owl#Concept http://www.ontologydesignpatterns.org/ont/dul/DUL.owl#Configuration http://www.ontologydesignpatterns.org/ont/dul/DUL.owl#Contract http://www.ontologydesignpatterns.org/ont/dul/DUL.owl#Description http://www.ontologydesignpatterns.org/ont/dul/DUL.owl#Design http://www.ontologydesignpatterns.org/ont/dul/DUL.owl#DesignedArtifact http://www.ontologydesignpatterns.org/ont/dul/DUL.owl#DesignedSubstance http://www.ontologydesignpatterns.org/ont/dul/DUL.owl#Diagnosis http://www.ontologydesignpatterns.org/ont/dul/DUL.owl#Entity http://www.ontologydesignpatterns.org/ont/dul/DUL.owl#Event http://www.ontologydesignpatterns.org/ont/dul/DUL.owl#EventType http://www.ontologydesignpatterns.org/ont/dul/DUL.owl#FormalEntity http://www.ontologydesignpatterns.org/ont/dul/DUL.owl#FunctionalSubstance http://www.ontologydesignpatterns.org/ont/dul/DUL.owl#Goal http://www.ontologydesignpatterns.org/ont/dul/DUL.owl#Group http://www.ontologydesignpatterns.org/ont/dul/DUL.owl#InformationEntity http://www.ontologydesignpatterns.org/ont/dul/DUL.owl#InformationObject http://www.ontologydesignpatterns.org/ont/dul/DUL.owl#InformationRealization http://www.ontologydesignpatterns.org/ont/dul/DUL.owl#LocalConcept http://www.ontologydesignpatterns.org/ont/dul/DUL.owl#Method http://www.ontologydesignpatterns.org/ont/dul/DUL.owl#Narrative http://www.ontologydesignpatterns.org/ont/dul/DUL.owl#NaturalPerson http://www.ontologydesignpatterns.org/ont/dul/DUL.owl#Norm http://www.ontologydesignpatterns.org/ont/dul/DUL.owl#Object http://www.ontologydesignpatterns.org/ont/dul/DUL.owl#ObjectAggregate http://www.ontologydesignpatterns.org/ont/dul/DUL.owl#Organism http://www.ontologydesignpatterns.org/ont/dul/DUL.owl#Organization http://www.ontologydesignpatterns.org/ont/dul/DUL.owl#Parameter http://www.ontologydesignpatterns.org/ont/dul/DUL.owl#Parthood http://www.ontologydesignpatterns.org/ont/dul/DUL.owl#Pattern http://www.ontologydesignpatterns.org/ont/dul/DUL.owl#Person http://www.ontologydesignpatterns.org/ont/dul/DUL.owl#Personification http://www.ontologydesignpatterns.org/ont/dul/DUL.owl#PhysicalAgent http://www.ontologydesignpatterns.org/ont/dul/DUL.owl#PhysicalArtifact http://www.ontologydesignpatterns.org/ont/dul/DUL.owl#PhysicalAttribute http://www.ontologydesignpatterns.org/ont/dul/DUL.owl#PhysicalBody http://www.ontologydesignpatterns.org/ont/dul/DUL.owl#PhysicalObject http://www.ontologydesignpatterns.org/ont/dul/DUL.owl#PhysicalPlace http://www.ontologydesignpatterns.org/ont/dul/DUL.owl#Place http://www.ontologydesignpatterns.org/ont/dul/DUL.owl#Plan http://www.ontologydesignpatterns.org/ont/dul/DUL.owl#PlanExecution http://www.ontologydesignpatterns.org/ont/dul/DUL.owl#Process http://www.ontologydesignpatterns.org/ont/dul/DUL.owl#Project http://www.ontologydesignpatterns.org/ont/dul/DUL.owl#Quality http://www.ontologydesignpatterns.org/ont/dul/DUL.owl#Region http://www.ontologydesignpatterns.org/ont/dul/DUL.owl#Relation http://www.ontologydesignpatterns.org/ont/dul/DUL.owl#Right http://www.ontologydesignpatterns.org/ont/dul/DUL.owl#Role http://www.ontologydesignpatterns.org/ont/dul/DUL.owl#Set http://www.ontologydesignpatterns.org/ont/dul/DUL.owl#Situation http://www.ontologydesignpatterns.org/ont/dul/DUL.owl#SocialAgent http://www.ontologydesignpatterns.org/ont/dul/DUL.owl#SocialObject http://www.ontologydesignpatterns.org/ont/dul/DUL.owl#SocialObjectAttribute http://www.ontologydesignpatterns.org/ont/dul/DUL.owl#SocialPerson http://www.ontologydesignpatterns.org/ont/dul/DUL.owl#SocialRelation http://www.ontologydesignpatterns.org/ont/dul/DUL.owl#SpaceRegion http://www.ontologydesignpatterns.org/ont/dul/DUL.owl#SpatioTemporalRegion http://www.ontologydesignpatterns.org/ont/dul/DUL.owl#Substance http://www.ontologydesignpatterns.org/ont/dul/DUL.owl#Task http://www.ontologydesignpatterns.org/ont/dul/DUL.owl#Theory http://www.ontologydesignpatterns.org/ont/dul/DUL.owl#TimeIndexedRelation http://www.ontologydesignpatterns.org/ont/dul/DUL.owl#TimeInterval http://www.ontologydesignpatterns.org/ont/dul/DUL.owl#Transition http://www.ontologydesignpatterns.org/ont/dul/DUL.owl#TypeCollection http://www.ontologydesignpatterns.org/ont/dul/DUL.owl#UnitOfMeasure http://www.ontologydesignpatterns.org/ont/dul/DUL.owl#Workflow http://www.ontologydesignpatterns.org/ont/dul/DUL.owl#WorkflowExecution http://www.ontologydesignpatterns.org/ont/dul/DUL.owl#actsFor http://www.ontologydesignpatterns.org/ont/dul/DUL.owl#actsThrough http://www.ontologydesignpatterns.org/ont/dul/DUL.owl#associatedWith http://www.ontologydesignpatterns.org/ont/dul/DUL.owl#characterizes http://www.ontologydesignpatterns.org/ont/dul/DUL.owl#classifies http://www.ontologydesignpatterns.org/ont/dul/DUL.owl#conceptualizes http://www.ontologydesignpatterns.org/ont/dul/DUL.owl#concretelyExpresses http://www.ontologydesignpatterns.org/ont/dul/DUL.owl#coparticipatesWith http://www.ontologydesignpatterns.org/ont/dul/DUL.owl#covers http://www.ontologydesignpatterns.org/ont/dul/DUL.owl#defines http://www.ontologydesignpatterns.org/ont/dul/DUL.owl#definesRole http://www.ontologydesignpatterns.org/ont/dul/DUL.owl#definesTask http://www.ontologydesignpatterns.org/ont/dul/DUL.owl#describes http://www.ontologydesignpatterns.org/ont/dul/DUL.owl#directlyFollows http://www.ontologydesignpatterns.org/ont/dul/DUL.owl#directlyPrecedes http://www.ontologydesignpatterns.org/ont/dul/DUL.owl#executesTask http://www.ontologydesignpatterns.org/ont/dul/DUL.owl#expands http://www.ontologydesignpatterns.org/ont/dul/DUL.owl#expresses http://www.ontologydesignpatterns.org/ont/dul/DUL.owl#expressesConcept http://www.ontologydesignpatterns.org/ont/dul/DUL.owl#farFrom http://www.ontologydesignpatterns.org/ont/dul/DUL.owl#follows http://www.ontologydesignpatterns.org/ont/dul/DUL.owl#hasCommonBoundary http://www.ontologydesignpatterns.org/ont/dul/DUL.owl#hasComponent http://www.ontologydesignpatterns.org/ont/dul/DUL.owl#hasConstituent http://www.ontologydesignpatterns.org/ont/dul/DUL.owl#hasConstraint http://www.ontologydesignpatterns.org/ont/dul/DUL.owl#hasDataValue http://www.ontologydesignpatterns.org/ont/dul/DUL.owl#hasEventDate http://www.ontologydesignpatterns.org/ont/dul/DUL.owl#hasIntervalDate http://www.ontologydesignpatterns.org/ont/dul/DUL.owl#hasLocation http://www.ontologydesignpatterns.org/ont/dul/DUL.owl#hasMember http://www.ontologydesignpatterns.org/ont/dul/DUL.owl#hasParameter http://www.ontologydesignpatterns.org/ont/dul/DUL.owl#hasParameterDataValue http://www.ontologydesignpatterns.org/ont/dul/DUL.owl#hasPart http://www.ontologydesignpatterns.org/ont/dul/DUL.owl#hasParticipant http://www.ontologydesignpatterns.org/ont/dul/DUL.owl#hasPostcondition http://www.ontologydesignpatterns.org/ont/dul/DUL.owl#hasPrecondition http://www.ontologydesignpatterns.org/ont/dul/DUL.owl#hasProperPart http://www.ontologydesignpatterns.org/ont/dul/DUL.owl#hasQuality http://www.ontologydesignpatterns.org/ont/dul/DUL.owl#hasRegion http://www.ontologydesignpatterns.org/ont/dul/DUL.owl#hasRegionDataValue http://www.ontologydesignpatterns.org/ont/dul/DUL.owl#hasRole http://www.ontologydesignpatterns.org/ont/dul/DUL.owl#hasSetting http://www.ontologydesignpatterns.org/ont/dul/DUL.owl#hasTask http://www.ontologydesignpatterns.org/ont/dul/DUL.owl#hasTimeInterval http://www.ontologydesignpatterns.org/ont/dul/DUL.owl#includesAction http://www.ontologydesignpatterns.org/ont/dul/DUL.owl#includesAgent http://www.ontologydesignpatterns.org/ont/dul/DUL.owl#includesEvent http://www.ontologydesignpatterns.org/ont/dul/DUL.owl#includesObject http://www.ontologydesignpatterns.org/ont/dul/DUL.owl#includesPart http://www.ontologydesignpatterns.org/ont/dul/DUL.owl#includesTime http://www.ontologydesignpatterns.org/ont/dul/DUL.owl#includesWhole http://www.ontologydesignpatterns.org/ont/dul/DUL.owl#introduces http://www.ontologydesignpatterns.org/ont/dul/DUL.owl#involvesAgent http://www.ontologydesignpatterns.org/ont/dul/DUL.owl#isAbout http://www.ontologydesignpatterns.org/ont/dul/DUL.owl#isActionIncludedIn http://www.ontologydesignpatterns.org/ont/dul/DUL.owl#isAgentIncludedIn http://www.ontologydesignpatterns.org/ont/dul/DUL.owl#isAgentInvolvedIn http://www.ontologydesignpatterns.org/ont/dul/DUL.owl#isCharacterizedBy http://www.ontologydesignpatterns.org/ont/dul/DUL.owl#isClassifiedBy http://www.ontologydesignpatterns.org/ont/dul/DUL.owl#isComponentOf http://www.ontologydesignpatterns.org/ont/dul/DUL.owl#isConceptExpressedBy http://www.ontologydesignpatterns.org/ont/dul/DUL.owl#isConceptUsedIn http://www.ontologydesignpatterns.org/ont/dul/DUL.owl#isConceptualizedBy http://www.ontologydesignpatterns.org/ont/dul/DUL.owl#isConcretelyExpressedBy http://www.ontologydesignpatterns.org/ont/dul/DUL.owl#isConstituentOf http://www.ontologydesignpatterns.org/ont/dul/DUL.owl#isConstraintFor http://www.ontologydesignpatterns.org/ont/dul/DUL.owl#isCoveredBy http://www.ontologydesignpatterns.org/ont/dul/DUL.owl#isDefinedIn http://www.ontologydesignpatterns.org/ont/dul/DUL.owl#isDescribedBy http://www.ontologydesignpatterns.org/ont/dul/DUL.owl#isEventIncludedIn http://www.ontologydesignpatterns.org/ont/dul/DUL.owl#isExecutedIn http://www.ontologydesignpatterns.org/ont/dul/DUL.owl#isExpandedIn http://www.ontologydesignpatterns.org/ont/dul/DUL.owl#isExpressedBy http://www.ontologydesignpatterns.org/ont/dul/DUL.owl#isIntroducedBy http://www.ontologydesignpatterns.org/ont/dul/DUL.owl#isLocationOf http://www.ontologydesignpatterns.org/ont/dul/DUL.owl#isMemberOf http://www.ontologydesignpatterns.org/ont/dul/DUL.owl#isObjectIncludedIn http://www.ontologydesignpatterns.org/ont/dul/DUL.owl#isObservableAt http://www.ontologydesignpatterns.org/ont/dul/DUL.owl#isParameterFor http://www.ontologydesignpatterns.org/ont/dul/DUL.owl#isParametrizedBy http://www.ontologydesignpatterns.org/ont/dul/DUL.owl#isPartOf http://www.ontologydesignpatterns.org/ont/dul/DUL.owl#isParticipantIn http://www.ontologydesignpatterns.org/ont/dul/DUL.owl#isPostconditionOf http://www.ontologydesignpatterns.org/ont/dul/DUL.owl#isPreconditionOf http://www.ontologydesignpatterns.org/ont/dul/DUL.owl#isPropertPartOf http://www.ontologydesignpatterns.org/ont/dul/DUL.owl#isQualityOf http://www.ontologydesignpatterns.org/ont/dul/DUL.owl#isRealizedBy http://www.ontologydesignpatterns.org/ont/dul/DUL.owl#isReferenceOf http://www.ontologydesignpatterns.org/ont/dul/DUL.owl#isReferenceOfInformationRealizedBy http://www.ontologydesignpatterns.org/ont/dul/DUL.owl#isRegionFor http://www.ontologydesignpatterns.org/ont/dul/DUL.owl#isRelatedToConcept http://www.ontologydesignpatterns.org/ont/dul/DUL.owl#isRelatedToDescription http://www.ontologydesignpatterns.org/ont/dul/DUL.owl#isRoleDefinedIn http://www.ontologydesignpatterns.org/ont/dul/DUL.owl#isRoleOf http://www.ontologydesignpatterns.org/ont/dul/DUL.owl#isSatisfiedBy http://www.ontologydesignpatterns.org/ont/dul/DUL.owl#isSettingFor http://www.ontologydesignpatterns.org/ont/dul/DUL.owl#isSpecializedBy http://www.ontologydesignpatterns.org/ont/dul/DUL.owl#isSubordinatedTo http://www.ontologydesignpatterns.org/ont/dul/DUL.owl#isSuperordinatedTo http://www.ontologydesignpatterns.org/ont/dul/DUL.owl#isTaskDefinedIn http://www.ontologydesignpatterns.org/ont/dul/DUL.owl#isTaskOf http://www.ontologydesignpatterns.org/ont/dul/DUL.owl#isTimeIncludedIn http://www.ontologydesignpatterns.org/ont/dul/DUL.owl#isTimeIntervalOf http://www.ontologydesignpatterns.org/ont/dul/DUL.owl#isTimeOfObservationOf http://www.ontologydesignpatterns.org/ont/dul/DUL.owl#isUnifiedBy http://www.ontologydesignpatterns.org/ont/dul/DUL.owl#nearTo http://www.ontologydesignpatterns.org/ont/dul/DUL.owl#overlaps http://www.ontologydesignpatterns.org/ont/dul/DUL.owl#parametrizes http://www.ontologydesignpatterns.org/ont/dul/DUL.owl#precedes http://www.ontologydesignpatterns.org/ont/dul/DUL.owl#realizes http://www.ontologydesignpatterns.org/ont/dul/DUL.owl#realizesInformationAbout http://www.ontologydesignpatterns.org/ont/dul/DUL.owl#realizesSelfInformation http://www.ontologydesignpatterns.org/ont/dul/DUL.owl#sameSettingAs http://www.ontologydesignpatterns.org/ont/dul/DUL.owl#satisfies http://www.ontologydesignpatterns.org/ont/dul/DUL.owl#specializes http://www.ontologydesignpatterns.org/ont/dul/DUL.owl#unifies http://www.ontologydesignpatterns.org/ont/dul/DUL.owl#usesConcept
ethnicgroup	Ethnicgroup Pattern	odp	unknown	conceptual	social		To model the core knowledge needed to describe a EthnicGroup		http://dbpedia.org/ontology/AdministrativeRegion http://dbpedia.org/ontology/City http://dbpedia.org/ontology/Continent http://dbpedia.org/ontology/Country http://dbpedia.org/ontology/EthnicGroup http://dbpedia.org/ontology/Event http://dbpedia.org/ontology/Island http://dbpedia.org/ontology/Language http://dbpedia.org/ontology/MilitaryConflict http://dbpedia.org/ontology/MusicalArtist http://dbpedia.org/ontology/OfficeHolder http://dbpedia.org/ontology/Person http://dbpedia.org/ontology/Place http://dbpedia.org/ontology/President http://dbpedia.org/ontology/River http://dbpedia.org/ontology/Town http://dbpedia.org/ontology/Writer
eventcore	Eventcore Pattern	odp	w3id.org	structural	games		The purpose of this pattern is to provide a minimalistic model of event where it is not always possible to separate its spatial and the temporal aspects, thus can model events that move or possess discontinuous temporal extent. Events according to this model has at least one participant, attached via a participant-role, and may have additional descriptive information through its information object.	Where and when did the 1990 World Chess Championship Match take place?, Who were involved in the 1990 World Chess Championship Match?	http://w3id.org/daselab/onto/event#Event http://w3id.org/daselab/onto/event#InformationObject http://w3id.org/daselab/onto/event#ParticipantRole http://w3id.org/daselab/onto/event#SpatioTemporalExtent http://w3id.org/daselab/onto/event#freshProp1 http://w3id.org/daselab/onto/event#freshProp2 http://w3id.org/daselab/onto/event#hasInformationObject http://w3id.org/daselab/onto/event#hasSpatioTemporalExtent http://w3id.org/daselab/onto/event#providesParticipantRole http://w3id.org/daselab/onto/event#subEventOf http://w3id.org/daselab/onto/event#subSpatioTemporalExtentOf
eventprocessing	Eventprocessing Pattern	odp	ontologydesignpatterns.org	structural	iot		To model event objects (in the context of complex event processing), their attributes, and their relations actual events, and sensor readings producing the events. Different types of event objects, such as complex, composite, and simple events are modelled, preoperties for expressing relations between event objects, such as constituency and componency are expressed, and attributes of event objects, such as timestamps and other data values. This pattern is aligned both to the SSN (Semantic Sensor Network) ontology, and the Event-F model, which in turn both use DUL as an upper layer.	What event objects are this complex event object and abstraction of?; What is the header/body of this event object?; What are the parts of this composite event object?; What is the timestamp of this event object?; By what sensor was this event object recorded?; What actual event does this event object document?; What are the attribute values of this event object?	http://events.semantic-multimedia.org/ontology/2009/4/15/model.owl#EventDocumentationDescription http://events.semantic-multimedia.org/ontology/2009/4/15/model.owl#EventDocumentationSituation http://events.semantic-multimedia.org/ontology/2009/4/15/model.owl#EventInterpretationDescription http://purl.oclc.org/NET/ssnx/ssn#SensorOutput http://www.loa-cnr.it/ontologies/DUL.owl#Event http://www.loa-cnr.it/ontologies/DUL.owl#InformationObject http://www.loa-cnr.it/ontologies/DUL.owl#Region http://www.loa-cnr.it/ontologies/DUL.owl#SpaceRegion http://www.loa-cnr.it/ontologies/DUL.owl#TimeInterval http://www.loa-cnr.it/ontologies/DUL.owl#hasComponent http://www.loa-cnr.it/ontologies/DUL.owl#hasConstituent http://www.loa-cnr.it/ontologies/DUL.owl#hasDataValue http://www.loa-cnr.it/ontologies/DUL.owl#hasPart http://www.loa-cnr.it/ontologies/DUL.owl#hasRegion http://www.loa-cnr.it/ontologies/DUL.owl#isAbout http://www.loa-cnr.it/ontologies/DUL.owl#isComponentOf http://www.loa-cnr.it/ontologies/DUL.owl#isConstituentOf http://www.loa-cnr.it/ontologies/DUL.owl#isEventIncludedIn http://www.loa-cnr.it/ontologies/DUL.owl#isPartOf http://www.ontologydesignpatterns.org/cp/owl/eventprocessing.owl#ComplexEventObject http://www.ontologydesignpatterns.org/cp/owl/eventprocessing.owl#CompositeEventObject http://www.ontologydesignpatterns.org/cp/owl/eventprocessing.owl#EventObject http://www.ontologydesignpatterns.org/cp/owl/eventprocessing.owl#EventObjectBody http://www.ontologydesignpatterns.org/cp/owl/eventprocessing.owl#EventObjectHeader http://www.ontologydesignpatterns.org/cp/owl/eventprocessing.owl#EventObjectPart http://www.ontologydesignpatterns.org/cp/owl/eventprocessing.owl#SensorOutput http://www.ontologydesignpatterns.org/cp/owl/eventprocessing.owl#SimpleEventObject http://www.ontologydesignpatterns.org/cp/owl/eventprocessing.owl#hasDirectSubEventObject http://www.ontologydesignpatterns.org/cp/owl/eventprocessing.owl#hasEventDuration http://www.ontologydesignpatterns.org/cp/owl/eventprocessing.owl#hasEventLocation http://www.ontologydesignpatterns.org/cp/owl/eventprocessing.owl#hasEventObjectApplicationTime http://www.ontologydesignpatterns.org/cp/owl/eventprocessing.owl#hasEventObjectAttributeDataValue http://www.ontologydesignpatterns.org/cp/owl/eventprocessing.owl#hasEventObjectAttributeValue http://www.ontologydesignpatterns.org/cp/owl/eventprocessing.owl#hasEventObjectBody http://www.ontologydesignpatterns.org/cp/owl/eventprocessing.owl#hasEventObjectComponent http://www.ontologydesignpatterns.org/cp/owl/eventprocessing.owl#hasEventObjectExpirationTime http://www.ontologydesignpatterns.org/cp/owl/eventprocessing.owl#hasEventObjectHeader http://www.ontologydesignpatterns.org/cp/owl/eventprocessing.owl#hasEventObjectPart http://www.ontologydesignpatterns.org/cp/owl/eventprocessing.owl#hasEventObjectSamplingTime http://www.ontologydesignpatterns.org/cp/owl/eventprocessing.owl#hasEventObjectSystemTime http://www.ontologydesignpatterns.org/cp/owl/eventprocessing.owl#hasEventObjectTime http://www.ontologydesignpatterns.org/cp/owl/eventprocessing.owl#hasSensorReadingValue http://www.ontologydesignpatterns.org/cp/owl/eventprocessing.owl#hasSubEventObject http://www.ontologydesignpatterns.org/cp/owl/eventprocessing.owl#informationAboutEvent http://www.ontologydesignpatterns.org/cp/owl/eventprocessing.owl#isDirectSubEventObjectOf http://www.ontologydesignpatterns.org/cp/owl/eventprocessing.owl#isEventObjectBodyOf http://www.ontologydesignpatterns.org/cp/owl/eventprocessing.owl#isEventObjectComponentOf http://www.ontologydesignpatterns.org/cp/owl/eventprocessing.owl#isEventObjectHeaderOf http://www.ontologydesignpatterns.org/cp/owl/eventprocessing.owl#isEventObjectPartOf http://www.ontologydesignpatterns.org/cp/owl/eventprocessing.owl#isSubEventObjectOf http://www.ontologydesignpatterns.org/cp/owl/eventprocessing.owl#refersToEventObjectComponent http://www.ontologydesignpatterns.org/cp/owl/eventprocessing.owl#refersToEventObjectConstituent
food-recipe-ingredient-substitution-odp	Food Recipe Ingredient Substitution ODP Pattern	odp	semantic.cs.put.poznan.pl	information	food-science				http://semantic.cs.put.poznan.pl/ontologies/food_ingredient_substitutes#action_specification http://semantic.cs.put.poznan.pl/ontologies/food_ingredient_substitutes#condition http://semantic.cs.put.poznan.pl/ontologies/food_ingredient_substitutes#cultural_condition http://semantic.cs.put.poznan.pl/ontologies/food_ingredient_substitutes#data_item http://semantic.cs.put.poznan.pl/ontologies/food_ingredient_substitutes#data_set http://semantic.cs.put.poznan.pl/ontologies/food_ingredient_substitutes#dietary_condition http://semantic.cs.put.poznan.pl/ontologies/food_ingredient_substitutes#dietary_quality http://semantic.cs.put.poznan.pl/ontologies/food_ingredient_substitutes#food_item http://semantic.cs.put.poznan.pl/ontologies/food_ingredient_substitutes#food_recipe http://semantic.cs.put.poznan.pl/ontologies/food_ingredient_substitutes#food_recipe_ingredient_substitution_(specification) http://semantic.cs.put.poznan.pl/ontologies/food_ingredient_substitutes#has_component http://semantic.cs.put.poznan.pl/ontologies/food_ingredient_substitutes#has_member http://semantic.cs.put.poznan.pl/ontologies/food_ingredient_substitutes#has_part http://semantic.cs.put.poznan.pl/ontologies/food_ingredient_substitutes#has_quality http://semantic.cs.put.poznan.pl/ontologies/food_ingredient_substitutes#has_quantity http://semantic.cs.put.poznan.pl/ontologies/food_ingredient_substitutes#has_unit http://semantic.cs.put.poznan.pl/ontologies/food_ingredient_substitutes#ingredient_set_(specification) http://semantic.cs.put.poznan.pl/ontologies/food_ingredient_substitutes#ingredient_set_transformation_specification http://semantic.cs.put.poznan.pl/ontologies/food_ingredient_substitutes#ingredient_specification http://semantic.cs.put.poznan.pl/ontologies/food_ingredient_substitutes#instruction_set_(specification) http://semantic.cs.put.poznan.pl/ontologies/food_ingredient_substitutes#instruction_set_transformation_specification http://semantic.cs.put.poznan.pl/ontologies/food_ingredient_substitutes#is_about http://semantic.cs.put.poznan.pl/ontologies/food_ingredient_substitutes#is_quality_measure_of http://semantic.cs.put.poznan.pl/ontologies/food_ingredient_substitutes#objective http://semantic.cs.put.poznan.pl/ontologies/food_ingredient_substitutes#objective_specification http://semantic.cs.put.poznan.pl/ontologies/food_ingredient_substitutes#plan_specification http://semantic.cs.put.poznan.pl/ontologies/food_ingredient_substitutes#proposition http://semantic.cs.put.poznan.pl/ontologies/food_ingredient_substitutes#quality http://semantic.cs.put.poznan.pl/ontologies/food_ingredient_substitutes#step_specification http://semantic.cs.put.poznan.pl/ontologies/food_ingredient_substitutes#tastiness_quality http://semantic.cs.put.poznan.pl/ontologies/food_ingredient_substitutes#technological_condition http://semantic.cs.put.poznan.pl/ontologies/food_ingredient_substitutes#technological_quality
food-recipe-ingredient-substitution-ontology-design-pattern	Food Recipe Ingredient Substitution Ontology Design Pattern	odp	semantic.cs.put.poznan.pl	structural	food-science	food-recipe-ingredient-substitution-odp	To model substitutes for ingredients in food recipes. Essential aspects of modelling substitutes are their quantity in a recipe, the constraints and the quali...		http://semantic.cs.put.poznan.pl/ontologies/food_ingredient_substitutes#action_specification http://semantic.cs.put.poznan.pl/ontologies/food_ingredient_substitutes#condition http://semantic.cs.put.poznan.pl/ontologies/food_ingredient_substitutes#cultural_condition http://semantic.cs.put.poznan.pl/ontologies/food_ingredient_substitutes#data_item http://semantic.cs.put.poznan.pl/ontologies/food_ingredient_substitutes#data_set http://semantic.cs.put.poznan.pl/ontologies/food_ingredient_substitutes#dietary_condition http://semantic.cs.put.poznan.pl/ontologies/food_ingredient_substitutes#dietary_quality http://semantic.cs.put.poznan.pl/ontologies/food_ingredient_substitutes#food_item http://semantic.cs.put.poznan.pl/ontologies/food_ingredient_substitutes#food_recipe http://semantic.cs.put.poznan.pl/ontologies/food_ingredient_substitutes#food_recipe_ingredient_substitution_(specification) http://semantic.cs.put.poznan.pl/ontologies/food_ingredient_substitutes#has_component http://semantic.cs.put.poznan.pl/ontologies/food_ingredient_substitutes#has_member http://semantic.cs.put.poznan.pl/ontologies/food_ingredient_substitutes#has_part http://semantic.cs.put.poznan.pl/ontologies/food_ingredient_substitutes#has_quality http://semantic.cs.put.poznan.pl/ontologies/food_ingredient_substitutes#has_quantity http://semantic.cs.put.poznan.pl/ontologies/food_ingredient_substitutes#has_unit http://semantic.cs.put.poznan.pl/ontologies/food_ingredient_substitutes#ingredient_set_(specification) http://semantic.cs.put.poznan.pl/ontologies/food_ingredient_substitutes#ingredient_set_transformation_specification http://semantic.cs.put.poznan.pl/ontologies/food_ingredient_substitutes#ingredient_specification http://semantic.cs.put.poznan.pl/ontologies/food_ingredient_substitutes#instruction_set_(specification) http://semantic.cs.put.poznan.pl/ontologies/food_ingredient_substitutes#instruction_set_transformation_specification http://semantic.cs.put.poznan.pl/ontologies/food_ingredient_substitutes#is_about http://semantic.cs.put.poznan.pl/ontologies/food_ingredient_substitutes#is_quality_measure_of http://semantic.cs.put.poznan.pl/ontologies/food_ingredient_substitutes#objective http://semantic.cs.put.poznan.pl/ontologies/food_ingredient_substitutes#objective_specification http://semantic.cs.put.poznan.pl/ontologies/food_ingredient_substitutes#plan_specification http://semantic.cs.put.poznan.pl/ontologies/food_ingredient_substitutes#proposition http://semantic.cs.put.poznan.pl/ontologies/food_ingredient_substitutes#quality http://semantic.cs.put.poznan.pl/ontologies/food_ingredient_substitutes#step_specification http://semantic.cs.put.poznan.pl/ontologies/food_ingredient_substitutes#tastiness_quality http://semantic.cs.put.poznan.pl/ontologies/food_ingredient_substitutes#technological_condition http://semantic.cs.put.poznan.pl/ontologies/food_ingredient_substitutes#technological_quality
gearspecies	Gearspecies Pattern	odp	ontologydesignpatterns.org	conceptual	biology		to represent types of fishing gear with respect to the aquatic species they either are targeted to catch or can accidentally catch	what type of fishing gear can catch what aquatic species?	http://www.ontologydesignpatterns.org/cp/owl/fsdas/aquaticresources.owl#AquaticResource http://www.ontologydesignpatterns.org/cp/owl/fsdas/aquaticresources.owl#AquaticSpecies http://www.ontologydesignpatterns.org/cp/owl/fsdas/aquaticresources.owl#WaterArea http://www.ontologydesignpatterns.org/cp/owl/fsdas/aquaticresources.owl#canOccurIn http://www.ontologydesignpatterns.org/cp/owl/fsdas/aquaticresources.owl#hasSpecies http://www.ontologydesignpatterns.org/cp/owl/fsdas/aquaticresources.owl#isAreaOfOccurrenceOf http://www.ontologydesignpatterns.org/cp/owl/fsdas/aquaticresources.owl#isSpeciesPresentIn http://www.ontologydesignpatterns.org/cp/owl/fsdas/gearspecies.owl#GearType http://www.ontologydesignpatterns.org/cp/owl/fsdas/gearspecies.owl#catchesSpecies http://www.ontologydesignpatterns.org/cp/owl/fsdas/gearspecies.owl#incidentallyCatchesSpecies http://www.ontologydesignpatterns.org/cp/owl/fsdas/gearspecies.owl#isCaughtBy http://www.ontologydesignpatterns.org/cp/owl/fsdas/gearspecies.owl#isCaughtByGearType http://www.ontologydesignpatterns.org/cp/owl/fsdas/gearspecies.owl#targetsSpecies
gearvessel	Gearvessel Pattern	odp	ontologydesignpatterns.org	conceptual	fisheries		to represent types of fishing gear with regard to the types of vessel they can be mounted on	what vessel type can equip what gear type?	http://www.ontologydesignpatterns.org/cp/owl/fsdas/gearvessel.owl#GearType http://www.ontologydesignpatterns.org/cp/owl/fsdas/gearvessel.owl#VesselType http://www.ontologydesignpatterns.org/cp/owl/fsdas/gearvessel.owl#usedByVesselType http://www.ontologydesignpatterns.org/cp/owl/fsdas/gearvessel.owl#usesGearType
gearwaterarea	Gearwaterarea Pattern	odp	ontologydesignpatterns.org	structural	biology		to represent gear types in terms of the water areas where they can be employed to collect aquatic resources	in which water areas are what gear types used? (provided that species caught by geartypes are present in those water areas)	http://www.ontologydesignpatterns.org/cp/owl/fsdas/aquaticresources.owl#AquaticResource http://www.ontologydesignpatterns.org/cp/owl/fsdas/aquaticresources.owl#AquaticSpecies http://www.ontologydesignpatterns.org/cp/owl/fsdas/aquaticresources.owl#WaterArea http://www.ontologydesignpatterns.org/cp/owl/fsdas/aquaticresources.owl#canOccurIn http://www.ontologydesignpatterns.org/cp/owl/fsdas/aquaticresources.owl#hasSpecies http://www.ontologydesignpatterns.org/cp/owl/fsdas/aquaticresources.owl#isAreaOfOccurrenceOf http://www.ontologydesignpatterns.org/cp/owl/fsdas/aquaticresources.owl#isSpeciesPresentIn http://www.ontologydesignpatterns.org/cp/owl/fsdas/gearspecies.owl#GearType http://www.ontologydesignpatterns.org/cp/owl/fsdas/gearspecies.owl#catchesSpecies http://www.ontologydesignpatterns.org/cp/owl/fsdas/gearspecies.owl#incidentallyCatchesSpecies http://www.ontologydesignpatterns.org/cp/owl/fsdas/gearspecies.owl#isCaughtBy http://www.ontologydesignpatterns.org/cp/owl/fsdas/gearspecies.owl#isCaughtByGearType http://www.ontologydesignpatterns.org/cp/owl/fsdas/gearspecies.owl#targetsSpecies http://www.ontologydesignpatterns.org/cp/owl/fsdas/gearwaterarea.owl#isSuitableForGearType http://www.ontologydesignpatterns.org/cp/owl/fsdas/gearwaterarea.owl#isUsedInWaterArea
go-top	GO Top Pattern	odp	ontologydesignpatterns.org	structural	biology		To represent types of gene-related entities and their parts.	What are the possible most general supertypes for any type from the gene-related domain?; What entity is part of another entity in the gene-related domain?	http://www.ontologydesignpatterns.org/cp/owl/gotop.owl#All http://www.ontologydesignpatterns.org/cp/owl/gotop.owl#BiologicalProcess http://www.ontologydesignpatterns.org/cp/owl/gotop.owl#CellularComponent http://www.ontologydesignpatterns.org/cp/owl/gotop.owl#MolecularFunction http://www.ontologydesignpatterns.org/cp/owl/gotop.owl#partOf
hazardoussituation	Hazardoussituation Pattern	odp	semantic.cs.put.poznan.pl	structural	safety		Ontology design pattern for modeling hazardoussituation relationships and concepts.		http://semantic.cs.put.poznan.pl/ontologies/oshdo/HazardousSituation#Cause http://semantic.cs.put.poznan.pl/ontologies/oshdo/HazardousSituation#Consequence http://semantic.cs.put.poznan.pl/ontologies/oshdo/HazardousSituation#Event http://semantic.cs.put.poznan.pl/ontologies/oshdo/HazardousSituation#Exposure http://semantic.cs.put.poznan.pl/ontologies/oshdo/HazardousSituation#Hazard http://semantic.cs.put.poznan.pl/ontologies/oshdo/HazardousSituation#HazardousEvent http://semantic.cs.put.poznan.pl/ontologies/oshdo/HazardousSituation#HazardousSituation http://semantic.cs.put.poznan.pl/ontologies/oshdo/HazardousSituation#Object http://semantic.cs.put.poznan.pl/ontologies/oshdo/HazardousSituation#casuallyFollows http://semantic.cs.put.poznan.pl/ontologies/oshdo/HazardousSituation#exposedTo http://semantic.cs.put.poznan.pl/ontologies/oshdo/HazardousSituation#hasDuration http://semantic.cs.put.poznan.pl/ontologies/oshdo/HazardousSituation#hasParticipant http://semantic.cs.put.poznan.pl/ontologies/oshdo/HazardousSituation#hasQuality http://semantic.cs.put.poznan.pl/ontologies/oshdo/HazardousSituation#involves http://semantic.cs.put.poznan.pl/ontologies/oshdo/HazardousSituation#participantIn http://www.ontologydesignpatterns.org/cp/owl/timeinterval.owl#TimeInterval http://www.ontologydesignpatterns.org/cp/owl/timeinterval.owl#hasIntervalDate http://www.ontologydesignpatterns.org/cp/owl/timeinterval.owl#hasIntervalEndDate http://www.ontologydesignpatterns.org/cp/owl/timeinterval.owl#hasIntervalStartDate
information-realization	Information Realization Pattern	odp	ontologydesignpatterns.org	information	information-science		Represents the relationship between an information object and its physical realization (e.g., a document and its printed copy).	What physical entity realizes this information object? What information is realized by this entity?	http://www.ontologydesignpatterns.org/cp/owl/informationrealization.owl#InformationObject http://www.ontologydesignpatterns.org/cp/owl/informationrealization.owl#InformationRealization http://www.ontologydesignpatterns.org/cp/owl/informationrealization.owl#isRealizedBy http://www.ontologydesignpatterns.org/cp/owl/informationrealization.owl#realizes
informationobjectsandrepresentationlanguages	Informationobjectsandrepresentationlanguages Pattern	odp	ontologydesignpatterns.org	information	general				http://www.ontologydesignpatterns.org/cp/owl/agentrole.owl#Agent http://www.ontologydesignpatterns.org/cp/owl/classification.owl#Concept http://www.ontologydesignpatterns.org/cp/owl/classification.owl#classifies http://www.ontologydesignpatterns.org/cp/owl/classification.owl#isClassifiedBy http://www.ontologydesignpatterns.org/cp/owl/collectionentity.owl#Collection http://www.ontologydesignpatterns.org/cp/owl/collectionentity.owl#hasMember http://www.ontologydesignpatterns.org/cp/owl/collectionentity.owl#isMemberOf http://www.ontologydesignpatterns.org/cp/owl/communities.owl#Community http://www.ontologydesignpatterns.org/cp/owl/informationobjectsandrepresentationlanguages.owl#FormalExpression http://www.ontologydesignpatterns.org/cp/owl/informationobjectsandrepresentationlanguages.owl#FormalLanguage http://www.ontologydesignpatterns.org/cp/owl/informationobjectsandrepresentationlanguages.owl#IconicLanguage http://www.ontologydesignpatterns.org/cp/owl/informationobjectsandrepresentationlanguages.owl#IconicObject http://www.ontologydesignpatterns.org/cp/owl/informationobjectsandrepresentationlanguages.owl#Language http://www.ontologydesignpatterns.org/cp/owl/informationobjectsandrepresentationlanguages.owl#LinguisticObject http://www.ontologydesignpatterns.org/cp/owl/informationobjectsandrepresentationlanguages.owl#NaturalLanguage http://www.ontologydesignpatterns.org/cp/owl/informationobjectsandrepresentationlanguages.owl#conceptualizes http://www.ontologydesignpatterns.org/cp/owl/informationobjectsandrepresentationlanguages.owl#formallyRepresents http://www.ontologydesignpatterns.org/cp/owl/informationobjectsandrepresentationlanguages.owl#hasRepresentationLanguage http://www.ontologydesignpatterns.org/cp/owl/informationobjectsandrepresentationlanguages.owl#isConceptualizedBy http://www.ontologydesignpatterns.org/cp/owl/informationobjectsandrepresentationlanguages.owl#isFormallyRepresentedIn http://www.ontologydesignpatterns.org/cp/owl/informationobjectsandrepresentationlanguages.owl#isRepresentationLanguageOf http://www.ontologydesignpatterns.org/cp/owl/intensionextension.owl#InformationObject http://www.ontologydesignpatterns.org/cp/owl/intensionextension.owl#SocialObject http://www.ontologydesignpatterns.org/cp/owl/intensionextension.owl#expresses http://www.ontologydesignpatterns.org/cp/owl/intensionextension.owl#isAbout http://www.ontologydesignpatterns.org/cp/owl/intensionextension.owl#isExpressedBy http://www.ontologydesignpatterns.org/cp/owl/intensionextension.owl#isReferenceOf http://www.ontologydesignpatterns.org/cp/owl/objectrole.owl#Object http://www.ontologydesignpatterns.org/cp/owl/objectrole.owl#Role http://www.ontologydesignpatterns.org/cp/owl/objectrole.owl#hasRole http://www.ontologydesignpatterns.org/cp/owl/objectrole.owl#isRoleOf http://www.ontologydesignpatterns.org/cp/owl/partof.owl#hasPart http://www.ontologydesignpatterns.org/cp/owl/partof.owl#isPartOf
intensionextension	Intensionextension Pattern	odp	ontologydesignpatterns.org	conceptual	social		To represent the meaning of an information object: the concepts it expresses, the things it is about.	What is the meaning of an information object?,What information objects express this meaning?,What is this about?,How can I call this?	http://www.ontologydesignpatterns.org/cp/owl/intensionextension.owl#InformationObject http://www.ontologydesignpatterns.org/cp/owl/intensionextension.owl#SocialObject http://www.ontologydesignpatterns.org/cp/owl/intensionextension.owl#expresses http://www.ontologydesignpatterns.org/cp/owl/intensionextension.owl#isAbout http://www.ontologydesignpatterns.org/cp/owl/intensionextension.owl#isExpressedBy http://www.ontologydesignpatterns.org/cp/owl/intensionextension.owl#isReferenceOf
invoice	Invoice Pattern	odp	ontologydesignpatterns.org	behavioral	commerce		To represent the core attributes of an invoice	What are the transactions involved in this invoice? What is the order this invoice is referring to? What is the line item for this invoice? What is the amount of the transactions involved in this invoice? What currency is applied to this invoice?	http://www.ontologydesignpatterns.org/cp/invoice.owl#InvoiceType http://www.ontologydesignpatterns.org/cp/owl/invoice.owl#Buying http://www.ontologydesignpatterns.org/cp/owl/invoice.owl#Context http://www.ontologydesignpatterns.org/cp/owl/invoice.owl#CurrencyMeasure http://www.ontologydesignpatterns.org/cp/owl/invoice.owl#Grounding http://www.ontologydesignpatterns.org/cp/owl/invoice.owl#ID http://www.ontologydesignpatterns.org/cp/owl/invoice.owl#Invoice http://www.ontologydesignpatterns.org/cp/owl/invoice.owl#InvoiceCurrencyCode http://www.ontologydesignpatterns.org/cp/owl/invoice.owl#InvoiceCurrencyType http://www.ontologydesignpatterns.org/cp/owl/invoice.owl#IssueDate http://www.ontologydesignpatterns.org/cp/owl/invoice.owl#LegalTotals http://www.ontologydesignpatterns.org/cp/owl/invoice.owl#LineItem http://www.ontologydesignpatterns.org/cp/owl/invoice.owl#LineItemCountQuantity http://www.ontologydesignpatterns.org/cp/owl/invoice.owl#Order http://www.ontologydesignpatterns.org/cp/owl/invoice.owl#PricingCurrencyType http://www.ontologydesignpatterns.org/cp/owl/invoice.owl#ReferencedOrder http://www.ontologydesignpatterns.org/cp/owl/invoice.owl#Selling http://www.ontologydesignpatterns.org/cp/owl/invoice.owl#TaxCurrencyType http://www.ontologydesignpatterns.org/cp/owl/invoice.owl#TaxPointDate http://www.ontologydesignpatterns.org/cp/owl/invoice.owl#TaxTotal http://www.ontologydesignpatterns.org/cp/owl/invoice.owl#TransactionAmount http://www.ontologydesignpatterns.org/cp/owl/invoice.owl#buyerTransaction http://www.ontologydesignpatterns.org/cp/owl/invoice.owl#context http://www.ontologydesignpatterns.org/cp/owl/invoice.owl#grounding http://www.ontologydesignpatterns.org/cp/owl/invoice.owl#legalTotals http://www.ontologydesignpatterns.org/cp/owl/invoice.owl#lineItem http://www.ontologydesignpatterns.org/cp/owl/invoice.owl#sellerTransaction http://www.ontologydesignpatterns.org/cp/owl/invoice.owl#subText http://www.ontologydesignpatterns.org/cp/owl/invoice.owl#taxTotal
linnaeantaxonomy	Linnaeantaxonomy Pattern	odp	ontologydesignpatterns.org	conceptual	biology		The linnaean taxonomy content ontology design pattern represents the layered classification invented by Linneus in the XVIII century. It is created by reengineering Wikipedia articles about taxa, taxonomic ranks, and linnaean taxonomy.		http://www.ontologydesignpatterns.org/cp/owl/linnaeantaxonomy.owl#Class http://www.ontologydesignpatterns.org/cp/owl/linnaeantaxonomy.owl#Family http://www.ontologydesignpatterns.org/cp/owl/linnaeantaxonomy.owl#Genus http://www.ontologydesignpatterns.org/cp/owl/linnaeantaxonomy.owl#Kingdom http://www.ontologydesignpatterns.org/cp/owl/linnaeantaxonomy.owl#Order http://www.ontologydesignpatterns.org/cp/owl/linnaeantaxonomy.owl#Phylum http://www.ontologydesignpatterns.org/cp/owl/linnaeantaxonomy.owl#Species http://www.ontologydesignpatterns.org/cp/owl/linnaeantaxonomy.owl#Taxon http://www.ontologydesignpatterns.org/cp/owl/linnaeantaxonomy.owl#hasDirectHigherRank http://www.ontologydesignpatterns.org/cp/owl/linnaeantaxonomy.owl#hasDirectLowerRank http://www.ontologydesignpatterns.org/cp/owl/linnaeantaxonomy.owl#hasHigherRank http://www.ontologydesignpatterns.org/cp/owl/linnaeantaxonomy.owl#hasLowerRank
list	List Pattern	odp	ontologydesignpatterns.org	structural	general		To represent ordered collections, i.e. lists.	What are the items (elements) in this list?; What is the length (size) of this list?; What is the first/last item in this list?; What resource does this list item contain?; What it the next/previous item in the list?	http://www.ontologydesignpatterns.org/cp/owl/bag.owl#Bag http://www.ontologydesignpatterns.org/cp/owl/bag.owl#Item http://www.ontologydesignpatterns.org/cp/owl/bag.owl#hasItem http://www.ontologydesignpatterns.org/cp/owl/bag.owl#itemContent http://www.ontologydesignpatterns.org/cp/owl/bag.owl#itemOf http://www.ontologydesignpatterns.org/cp/owl/bag.owl#size http://www.ontologydesignpatterns.org/cp/owl/collectionentity.owl#Collection http://www.ontologydesignpatterns.org/cp/owl/collectionentity.owl#hasMember http://www.ontologydesignpatterns.org/cp/owl/collectionentity.owl#isMemberOf http://www.ontologydesignpatterns.org/cp/owl/list.owl#List http://www.ontologydesignpatterns.org/cp/owl/list.owl#ListItem http://www.ontologydesignpatterns.org/cp/owl/list.owl#firstItemOf http://www.ontologydesignpatterns.org/cp/owl/list.owl#hasFirstItem http://www.ontologydesignpatterns.org/cp/owl/list.owl#hasLastItem http://www.ontologydesignpatterns.org/cp/owl/list.owl#lastItemOf http://www.ontologydesignpatterns.org/cp/owl/list.owl#nextItem http://www.ontologydesignpatterns.org/cp/owl/list.owl#previousItem http://www.ontologydesignpatterns.org/cp/owl/sequence.owl#directlyFollows http://www.ontologydesignpatterns.org/cp/owl/sequence.owl#directlyPrecedes http://www.ontologydesignpatterns.org/cp/owl/sequence.owl#follows http://www.ontologydesignpatterns.org/cp/owl/sequence.owl#precedes
material-transformation	Material Transformation Pattern	odp	descartes-core.org	structural	engineering		To contextualize the transformation process from raw components and the required equipment to a final manufactured artifact.	What material resources were required to produce a product? Where did the transformation take place? What was the time necessary for the transformation? What other materials or conditions were necessary for the transformation process to occur? What materials change during the transformation? How much energy is required for the transformation to take place?	http://descartes-core.org/ontologies/mt/1.1/MaterialTransformationPattern#Catalyst http://descartes-core.org/ontologies/mt/1.1/MaterialTransformationPattern#Input http://descartes-core.org/ontologies/mt/1.1/MaterialTransformationPattern#MaterialObject http://descartes-core.org/ontologies/mt/1.1/MaterialTransformationPattern#MaterialTransformation http://descartes-core.org/ontologies/mt/1.1/MaterialTransformationPattern#Neighborhood http://descartes-core.org/ontologies/mt/1.1/MaterialTransformationPattern#Output http://descartes-core.org/ontologies/mt/1.1/MaterialTransformationPattern#asLiteral http://descartes-core.org/ontologies/mt/1.1/MaterialTransformationPattern#asNumeric http://descartes-core.org/ontologies/mt/1.1/MaterialTransformationPattern#hasCatalyst http://descartes-core.org/ontologies/mt/1.1/MaterialTransformationPattern#hasInput http://descartes-core.org/ontologies/mt/1.1/MaterialTransformationPattern#hasOutput http://descartes-core.org/ontologies/mt/1.1/MaterialTransformationPattern#occursDuring http://descartes-core.org/ontologies/mt/1.1/MaterialTransformationPattern#occursInNeighborhood http://www.w3.org/2006/time#DateTimeDescription http://www.w3.org/2006/time#DateTimeInterval http://www.w3.org/2006/time#DayOfWeek http://www.w3.org/2006/time#Duration http://www.w3.org/2006/time#DurationDescription http://www.w3.org/2006/time#GeneralDateTimeDescription http://www.w3.org/2006/time#GeneralDurationDescription http://www.w3.org/2006/time#Instant http://www.w3.org/2006/time#Interval http://www.w3.org/2006/time#January http://www.w3.org/2006/time#MonthOfYear http://www.w3.org/2006/time#ProperInterval http://www.w3.org/2006/time#TRS http://www.w3.org/2006/time#TemporalDuration http://www.w3.org/2006/time#TemporalEntity http://www.w3.org/2006/time#TemporalPosition http://www.w3.org/2006/time#TemporalUnit http://www.w3.org/2006/time#TimePosition http://www.w3.org/2006/time#TimeZone http://www.w3.org/2006/time#Year http://www.w3.org/2006/time#after http://www.w3.org/2006/time#before http://www.w3.org/2006/time#day http://www.w3.org/2006/time#dayOfWeek http://www.w3.org/2006/time#dayOfYear http://www.w3.org/2006/time#days http://www.w3.org/2006/time#hasBeginning http://www.w3.org/2006/time#hasDateTimeDescription http://www.w3.org/2006/time#hasDuration http://www.w3.org/2006/time#hasDurationDescription http://www.w3.org/2006/time#hasEnd http://www.w3.org/2006/time#hasTRS http://www.w3.org/2006/time#hasTemporalDuration http://www.w3.org/2006/time#hasTime http://www.w3.org/2006/time#hasXSDDuration http://www.w3.org/2006/time#hour http://www.w3.org/2006/time#hours http://www.w3.org/2006/time#inDateTime http://www.w3.org/2006/time#inTemporalPosition http://www.w3.org/2006/time#inTimePosition http://www.w3.org/2006/time#inXSDDate http://www.w3.org/2006/time#inXSDDateTime http://www.w3.org/2006/time#inXSDDateTimeStamp http://www.w3.org/2006/time#inXSDgYear http://www.w3.org/2006/time#inXSDgYearMonth http://www.w3.org/2006/time#inside http://www.w3.org/2006/time#intervalAfter http://www.w3.org/2006/time#intervalBefore http://www.w3.org/2006/time#intervalContains http://www.w3.org/2006/time#intervalDisjoint http://www.w3.org/2006/time#intervalDuring http://www.w3.org/2006/time#intervalEquals http://www.w3.org/2006/time#intervalFinishedBy http://www.w3.org/2006/time#intervalFinishes http://www.w3.org/2006/time#intervalIn http://www.w3.org/2006/time#intervalMeets http://www.w3.org/2006/time#intervalMetBy http://www.w3.org/2006/time#intervalOverlappedBy http://www.w3.org/2006/time#intervalOverlaps http://www.w3.org/2006/time#intervalStartedBy http://www.w3.org/2006/time#intervalStarts http://www.w3.org/2006/time#minute http://www.w3.org/2006/time#minutes http://www.w3.org/2006/time#month http://www.w3.org/2006/time#monthOfYear http://www.w3.org/2006/time#months http://www.w3.org/2006/time#nominalPosition http://www.w3.org/2006/time#numericDuration http://www.w3.org/2006/time#numericPosition http://www.w3.org/2006/time#second http://www.w3.org/2006/time#seconds http://www.w3.org/2006/time#timeZone http://www.w3.org/2006/time#unitType http://www.w3.org/2006/time#week http://www.w3.org/2006/time#weeks http://www.w3.org/2006/time#xsdDateTime http://www.w3.org/2006/time#year http://www.w3.org/2006/time#years
move	Move Pattern	odp	ontologydesignpatterns.org	behavioral	general		The move content ontology design pattern. This CP represents the action of moving a physical object from a place to another. The move CP is extracted from the CIDOC ontology.		http://www.ontologydesignpatterns.org/cp/owl/move.owl#Move http://www.ontologydesignpatterns.org/cp/owl/move.owl#PhysicalObject http://www.ontologydesignpatterns.org/cp/owl/move.owl#Place http://www.ontologydesignpatterns.org/cp/owl/move.owl#consistsOf http://www.ontologydesignpatterns.org/cp/owl/move.owl#formsPartOf http://www.ontologydesignpatterns.org/cp/owl/move.owl#moved http://www.ontologydesignpatterns.org/cp/owl/move.owl#movedBy http://www.ontologydesignpatterns.org/cp/owl/move.owl#movedFrom http://www.ontologydesignpatterns.org/cp/owl/move.owl#movedTo http://www.ontologydesignpatterns.org/cp/owl/move.owl#tookPlaceAt http://www.ontologydesignpatterns.org/cp/owl/move.owl#wasDestinationOf http://www.ontologydesignpatterns.org/cp/owl/move.owl#wasOriginOf http://www.ontologydesignpatterns.org/cp/owl/move.owl#witnessed
mwo-material-entity-description	Pattern 8: Material Entity Description	mwo	ise-fizkarlsruhe.github.io	structural	materials		Gives a structured description of a material entity such as a device or a material: it is tied to the processes or projects it participates in or is an output of, its realizable aspects (role, disposition, function) hang off bearer_of, agents and a place are attached, and its structural composition is given by part and member relations. Further ICEs carry its identifiers, specifications and other descriptive metadata.		http://purl.obolibrary.org/obo/BFO_0000004 http://purl.obolibrary.org/obo/BFO_0000016 http://purl.obolibrary.org/obo/BFO_0000017 http://purl.obolibrary.org/obo/BFO_0000020 http://purl.obolibrary.org/obo/BFO_0000023 http://purl.obolibrary.org/obo/BFO_0000029 http://purl.obolibrary.org/obo/BFO_0000030 http://purl.obolibrary.org/obo/BFO_0000034 http://purl.obolibrary.org/obo/BFO_0000040 http://purl.obolibrary.org/obo/BFO_0000050 http://purl.obolibrary.org/obo/BFO_0000051 http://purl.obolibrary.org/obo/BFO_0000196 http://purl.obolibrary.org/obo/IAO_0000033 http://purl.obolibrary.org/obo/IAO_0000136 http://purl.obolibrary.org/obo/IAO_0020000 http://purl.obolibrary.org/obo/OBI_0001930 http://purl.obolibrary.org/obo/RO_0000056 http://purl.obolibrary.org/obo/RO_0001025 http://purl.obolibrary.org/obo/RO_0002234 http://purl.obolibrary.org/obo/RO_0002350 http://purl.obolibrary.org/obo/RO_0002351 http://purl.obolibrary.org/obo/RO_0002353 http://purls.helmholtz-metadaten.de/mwo/MWO_0001015 http://purls.helmholtz-metadaten.de/mwo/MWO_0001016 http://purls.helmholtz-metadaten.de/mwo/MWO_0001023 http://purls.helmholtz-metadaten.de/mwo/MWO_0001099 https://nfdi.fiz-karlsruhe.de/ontology/NFDI_0000005 https://nfdi.fiz-karlsruhe.de/ontology/NFDI_0000102 https://w3id.org/pmd/co/PMD_0000000 https://w3id.org/pmd/co/PMD_0000002 https://w3id.org/pmd/co/PMD_0000602 https://w3id.org/pmd/co/PMD_0060006 https://w3id.org/pmd/co/PMD_0060007
mwo-process-agent-role	Pattern 1: Process-Agent-Role	mwo	ise-fizkarlsruhe.github.io	structural	research-data		Shows how roles are assigned to agents participating in processes while staying aligned with BFO: bfo:Process is an Occurrent, nfdicore:Agent is an Independent Continuant that participates in the process, and bfo:Role is a Specifically Dependent Continuant borne by the agent. The object properties has_participant, realizes and bearer_of tie the three together.		http://purl.obolibrary.org/obo/BFO_0000001 http://purl.obolibrary.org/obo/BFO_0000002 http://purl.obolibrary.org/obo/BFO_0000003 http://purl.obolibrary.org/obo/BFO_0000004 http://purl.obolibrary.org/obo/BFO_0000015 http://purl.obolibrary.org/obo/BFO_0000017 http://purl.obolibrary.org/obo/BFO_0000020 http://purl.obolibrary.org/obo/BFO_0000023 http://purl.obolibrary.org/obo/BFO_0000054 http://purl.obolibrary.org/obo/BFO_0000055 http://purl.obolibrary.org/obo/BFO_0000196 http://purl.obolibrary.org/obo/RO_0000056 http://purl.obolibrary.org/obo/RO_0000057 http://purl.obolibrary.org/obo/RO_0000087 https://nfdi.fiz-karlsruhe.de/ontology/NFDI_0000102 https://nfdi.fiz-karlsruhe.de/ontology/NFDI_0000229
mwo-resource-contact-point	Pattern 3: Resource-Contact Point	mwo	ise-fizkarlsruhe.github.io	conceptual	research-data		Identifies the contact point of an NFDI resource: the resource is linked to a contact-point agent, who participates in a contacting process and realizes a contact point role, which is denoted by concrete contact details such as a name, email address and website. The aim is a transparent, responsible communication channel for every resource.		http://purl.obolibrary.org/obo/BFO_0000004 http://purl.obolibrary.org/obo/BFO_0000015 http://purl.obolibrary.org/obo/BFO_0000031 http://purl.obolibrary.org/obo/BFO_0000055 http://purl.obolibrary.org/obo/BFO_0000196 http://purl.obolibrary.org/obo/IAO_0000030 http://purl.obolibrary.org/obo/IAO_0000136 http://purl.obolibrary.org/obo/IAO_0000429 http://purl.obolibrary.org/obo/IAO_0020000 http://purl.obolibrary.org/obo/OBI_0000245 http://purl.obolibrary.org/obo/RO_0000057 https://nfdi.fiz-karlsruhe.de/ontology/NFDI_0000004 https://nfdi.fiz-karlsruhe.de/ontology/NFDI_0000102 https://nfdi.fiz-karlsruhe.de/ontology/NFDI_0000111 https://nfdi.fiz-karlsruhe.de/ontology/NFDI_0000114 https://nfdi.fiz-karlsruhe.de/ontology/NFDI_0000223 https://nfdi.fiz-karlsruhe.de/ontology/NFDI_0000229 https://nfdi.fiz-karlsruhe.de/ontology/NFDI_0001007 https://nfdi.fiz-karlsruhe.de/ontology/NFDI_0001008 https://nfdi.fiz-karlsruhe.de/ontology/NFDI_0001034
mwo-resource-description	Pattern 5: Resource Description	mwo	ise-fizkarlsruhe.github.io	information	research-data		Describes an NFDI resource (software, ontology, document, publication or service) by attaching multiple Information Content Entities through object properties that are refinements of iao:is_about. The ICEs cover title, abbreviation, subject area, file format, specification, version, license, citation, standard, repository, external identifiers and textual entities such as keywords, requirements and affiliations.		http://purl.obolibrary.org/obo/BFO_0000031 http://purl.obolibrary.org/obo/IAO_0000028 http://purl.obolibrary.org/obo/IAO_0000030 http://purl.obolibrary.org/obo/IAO_0000033 http://purl.obolibrary.org/obo/IAO_0000098 http://purl.obolibrary.org/obo/IAO_0000129 http://purl.obolibrary.org/obo/IAO_0000136 http://purl.obolibrary.org/obo/IAO_0000300 http://purl.obolibrary.org/obo/IAO_0000310 http://purl.obolibrary.org/obo/IAO_0000578 http://purl.obolibrary.org/obo/IAO_0000605 http://purl.obolibrary.org/obo/IAO_0000629 http://purl.obolibrary.org/obo/IAO_0000642 http://purl.obolibrary.org/obo/IAO_0020000 http://www.ebi.ac.uk/swo/SWO_0000002 https://nfdi.fiz-karlsruhe.de/ontology/NFDI_0000030 https://nfdi.fiz-karlsruhe.de/ontology/NFDI_0000100 https://nfdi.fiz-karlsruhe.de/ontology/NFDI_0000123 https://nfdi.fiz-karlsruhe.de/ontology/NFDI_0000145 https://nfdi.fiz-karlsruhe.de/ontology/NFDI_0000206 https://nfdi.fiz-karlsruhe.de/ontology/NFDI_0000226 https://nfdi.fiz-karlsruhe.de/ontology/NFDI_0001001 https://nfdi.fiz-karlsruhe.de/ontology/NFDI_0001007 https://nfdi.fiz-karlsruhe.de/ontology/NFDI_0001017 https://nfdi.fiz-karlsruhe.de/ontology/NFDI_0001018 https://nfdi.fiz-karlsruhe.de/ontology/NFDI_0001019 https://nfdi.fiz-karlsruhe.de/ontology/NFDI_0001037 https://nfdi.fiz-karlsruhe.de/ontology/NFDI_0001102 https://nfdi.fiz-karlsruhe.de/ontology/NFDI_0001210
mwo-resource-implementation	Pattern 4: Resource Implementation	mwo	ise-fizkarlsruhe.github.io	structural	research-data		Models the implementation relationship between a resource and the agent that produced it: a MatWerk project is a process whose participant (task area, infrastructure use case or participant project) realizes a role, and whose output is an NFDI resource such as a dataset, tool, software or digital service. The shortcut property mwo:implementedBy links the resource directly to the process that produced it.	Which tools were developed, co-developed, or adopted in an organization?	http://purl.obolibrary.org/obo/BFO_0000017 http://purl.obolibrary.org/obo/BFO_0000023 http://purl.obolibrary.org/obo/RO_0000057 http://purl.obolibrary.org/obo/RO_0002234 http://purls.helmholtz-metadaten.de/mwo/MWO_0001002 http://purls.helmholtz-metadaten.de/mwo/MWO_0001025 http://purls.helmholtz-metadaten.de/mwo/MWO_0001026 http://purls.helmholtz-metadaten.de/mwo/MWO_0001028 http://purls.helmholtz-metadaten.de/mwo/MWO_0001029 http://purls.helmholtz-metadaten.de/mwo/MWO_0001030 http://purls.helmholtz-metadaten.de/mwo/MWO_0001032 http://purls.helmholtz-metadaten.de/mwo/MWO_0001033 http://purls.helmholtz-metadaten.de/mwo/MWO_0001051 http://purls.helmholtz-metadaten.de/mwo/MWO_0001134 http://purls.helmholtz-metadaten.de/mwo/MWO_0001135 http://purls.helmholtz-metadaten.de/mwo/MWO_0001136 http://purls.helmholtz-metadaten.de/mwo/MWO_0001137 http://purls.helmholtz-metadaten.de/mwo/MWO_0001138 http://purls.helmholtz-metadaten.de/mwo/MWO_0001139 https://nfdi.fiz-karlsruhe.de/ontology/NFDI_0000002 https://nfdi.fiz-karlsruhe.de/ontology/NFDI_0000232
mwo-service	Pattern 2: Service	mwo	ise-fizkarlsruhe.github.io	behavioral	research-data		Models a service process in which an organization participates and realizes a service provider role; the process generates a service product that realizes a service product role and is linked to a service specification. It applies Pattern 1 to services, giving a structured link between process, participant, roles, output and specification.		http://purl.obolibrary.org/obo/BFO_0000055 http://purl.obolibrary.org/obo/BFO_0000141 http://purl.obolibrary.org/obo/IAO_0000104 http://purl.obolibrary.org/obo/IAO_0000136 http://purl.obolibrary.org/obo/OBI_0000245 http://purl.obolibrary.org/obo/OBI_0000299 http://purl.obolibrary.org/obo/RO_0000057 http://purl.obolibrary.org/obo/RO_0002234 https://nfdi.fiz-karlsruhe.de/ontology/NFDI_0000101 https://nfdi.fiz-karlsruhe.de/ontology/NFDI_0000102 https://nfdi.fiz-karlsruhe.de/ontology/NFDI_0000122 https://nfdi.fiz-karlsruhe.de/ontology/NFDI_0000210 https://nfdi.fiz-karlsruhe.de/ontology/NFDI_0000214 https://nfdi.fiz-karlsruhe.de/ontology/NFDI_0000219 https://nfdi.fiz-karlsruhe.de/ontology/NFDI_0000226 https://nfdi.fiz-karlsruhe.de/ontology/NFDI_0000228 https://nfdi.fiz-karlsruhe.de/ontology/NFDI_0000230 https://nfdi.fiz-karlsruhe.de/ontology/NFDI_0000232 https://nfdi.fiz-karlsruhe.de/ontology/NFDI_0000244
mwo-temporal-region	Pattern 7: Temporal Region	mwo	ise-fizkarlsruhe.github.io	temporal	general		Represents temporal regions in BFO terms, distinguishing a zero-dimensional temporal region (an instant such as the start or end of an event) from a one-dimensional temporal region (an interval with a duration), related by occupies_temporal_region, has_first_instance and has_last_instance. Data about those regions - start date, end date, duration, frequency - is carried by specification datum individuals linked to their values with nfdicore:hasValue.		http://purl.obolibrary.org/obo/BFO_0000003 http://purl.obolibrary.org/obo/BFO_0000008 http://purl.obolibrary.org/obo/BFO_0000038 http://purl.obolibrary.org/obo/BFO_0000148 http://purl.obolibrary.org/obo/BFO_0000199 http://purl.obolibrary.org/obo/BFO_0000221 http://purl.obolibrary.org/obo/BFO_0000222 http://purl.obolibrary.org/obo/BFO_0000223 http://purl.obolibrary.org/obo/BFO_0000224 http://purl.obolibrary.org/obo/IAO_0000027 http://purl.obolibrary.org/obo/IAO_0000030 http://purl.obolibrary.org/obo/IAO_0000032 http://purl.obolibrary.org/obo/IAO_0000033 http://purl.obolibrary.org/obo/IAO_0000416 http://purl.obolibrary.org/obo/OBI_0002471 http://purls.helmholtz-metadaten.de/mwo/MWO_0001001 http://purls.helmholtz-metadaten.de/mwo/MWO_0001012 https://nfdi.fiz-karlsruhe.de/ontology/NFDI_0001007 https://w3id.org/pmd/co/PMD_0060009
mwo-value-specification	Pattern 6: Value Specification	mwo	ise-fizkarlsruhe.github.io	information	general		Represents the data values attached to Information Content Entities: any value from the other patterns is linked to its ICE with the nfdicore:hasValue data property. For measurement data the measured value is given with hasValue while the corresponding unit is linked to an instance of iao:MeasurementUnitLabel.		http://purl.obolibrary.org/obo/BFO_0000031 http://purl.obolibrary.org/obo/IAO_0000003 http://purl.obolibrary.org/obo/IAO_0000004 http://purl.obolibrary.org/obo/IAO_0000009 http://purl.obolibrary.org/obo/IAO_0000027 http://purl.obolibrary.org/obo/IAO_0000030 http://purl.obolibrary.org/obo/IAO_0000039 http://purl.obolibrary.org/obo/IAO_0000109 http://purl.obolibrary.org/obo/OBI_0001933 http://purl.obolibrary.org/obo/OBI_0001937 http://purl.obolibrary.org/obo/OBI_0001938 http://purl.obolibrary.org/obo/OBI_0002135 http://purls.helmholtz-metadaten.de/mwo/MWO_0001116 http://purls.helmholtz-metadaten.de/mwo/MWO_0001117 http://purls.helmholtz-metadaten.de/mwo/MWO_0001118 https://nfdi.fiz-karlsruhe.de/ontology/NFDI_0001007
nary-participation	Nary Participation Pattern	odp	ontologydesignpatterns.org	structural	general		The nary participation pattern. This pattern re-uses participation and situation patterns. It is extracted from DOLCE-UltraLite by partial clone of elements.		http://www.ontologydesignpatterns.org/cp/owl/naryparticipation.owl#NaryParticipation http://www.ontologydesignpatterns.org/cp/owl/naryparticipation.owl#isIncludedInParticipation http://www.ontologydesignpatterns.org/cp/owl/naryparticipation.owl#participationIncludes http://www.ontologydesignpatterns.org/cp/owl/participation.owl#Event http://www.ontologydesignpatterns.org/cp/owl/participation.owl#Object http://www.ontologydesignpatterns.org/cp/owl/participation.owl#hasParticipant http://www.ontologydesignpatterns.org/cp/owl/participation.owl#isParticipantIn http://www.ontologydesignpatterns.org/cp/owl/situation.owl#Situation http://www.ontologydesignpatterns.org/cp/owl/situation.owl#hasSetting http://www.ontologydesignpatterns.org/cp/owl/situation.owl#isSettingFor http://www.ontologydesignpatterns.org/cp/owl/timeinterval.owl#TimeInterval http://www.ontologydesignpatterns.org/cp/owl/timeinterval.owl#hasIntervalDate http://www.ontologydesignpatterns.org/cp/owl/timeinterval.owl#hasIntervalEndDate http://www.ontologydesignpatterns.org/cp/owl/timeinterval.owl#hasIntervalStartDate
newsreportingevent	Newsreportingevent Pattern	odp	semantic.cs.put.poznan.pl	structural	media		The pattern can be used for modelling situations in which we are not certain that a particular actual event has the properties which were described in a news message. We want to define the properties of an actual event which were reported (time, place, actors, subevents, cause, effect etc.), but not to treat them as universal, verified knowledge. The pattern also allows to define who is responsible for a particular description of an event and how this description is dealt with.	In addition to the competency questions defined for pattern ReportingEvent (http:/ontologydesignpatterns.org/wiki/Submissions:ReportingEvent) the pattern allows to answer the following questions: - What aspects of an actual event were presented in the news message? - Who reported an actual event? Which news provider they represented? - When was a certain actual event reported for the first time? - What actual events are presented in a certain medium/by media of a certain news provider? - How was an actual event presented?	http://semantic.cs.put.poznan.pl/ontologies/newsreportingevent.owl#Media http://semantic.cs.put.poznan.pl/ontologies/newsreportingevent.owl#NewsEventReporter http://semantic.cs.put.poznan.pl/ontologies/newsreportingevent.owl#NewsPresentationContext http://semantic.cs.put.poznan.pl/ontologies/newsreportingevent.owl#NewsProvider http://semantic.cs.put.poznan.pl/ontologies/newsreportingevent.owl#NewsReportingEvent http://semantic.cs.put.poznan.pl/ontologies/newsreportingevent.owl#PresentationContext http://semantic.cs.put.poznan.pl/ontologies/newsreportingevent.owl#hasPresentationContext http://semantic.cs.put.poznan.pl/ontologies/newsreportingevent.owl#owns http://semantic.cs.put.poznan.pl/ontologies/newsreportingevent.owl#presentedAt http://semantic.cs.put.poznan.pl/ontologies/reportingevent.owl#EventReporter http://semantic.cs.put.poznan.pl/ontologies/reportingevent.owl#ReportingEvent http://semantic.cs.put.poznan.pl/ontologies/reportingevent.owl#hasAuthor http://semantic.cs.put.poznan.pl/ontologies/reportingevent.owl#reports http://www.ontologydesignpatterns.org/cp/owl/actingfor.owl#Agent http://www.ontologydesignpatterns.org/cp/owl/actingfor.owl#SocialAgent http://www.ontologydesignpatterns.org/cp/owl/actingfor.owl#actsFor http://www.ontologydesignpatterns.org/cp/owl/actingfor.owl#actsThrough http://www.ontologydesignpatterns.org/cp/owl/situation.owl#Situation http://www.ontologydesignpatterns.org/cp/owl/situation.owl#hasSetting http://www.ontologydesignpatterns.org/cp/owl/situation.owl#isSettingFor http://www.ontologydesignpatterns.org/cp/owl/timeindexedsituation.owl#TimeIndexedSituation http://www.ontologydesignpatterns.org/cp/owl/timeindexedsituation.owl#atTime http://www.ontologydesignpatterns.org/cp/owl/timeindexedsituation.owl#forEntity http://www.ontologydesignpatterns.org/cp/owl/timeindexedsituation.owl#hasTimeIndexedSetting http://www.ontologydesignpatterns.org/cp/owl/timeindexedsituation.owl#isTimeIndexFor http://www.ontologydesignpatterns.org/cp/owl/timeinterval.owl#TimeInterval http://www.ontologydesignpatterns.org/cp/owl/timeinterval.owl#hasIntervalDate http://www.ontologydesignpatterns.org/cp/owl/timeinterval.owl#hasIntervalEndDate http://www.ontologydesignpatterns.org/cp/owl/timeinterval.owl#hasIntervalStartDate http://www.ontologydesignpatterns.org/cp/owl/typesofentities.owl#Entity http://www.ontologydesignpatterns.org/cp/owl/typesofentities.owl#Object
nfdi-agent-value-node	agent	nfdi	nfdi.fiz-karlsruhe.de	structural	general		An entity individual typed nfdi:NFDI_0000102 (agent) carries identity and label, while each descriptive value is a separate value-node individual reached by obo:IAO_0000235 (denoted by) rather than a direct literal. Agent subsumes people, organizations and consortia.	Which agents (people, organisations, consortia) does the knowledge graph know?; Which agent is responsible for a given resource?	http://purl.obolibrary.org/obo/BFO_0000004 http://purl.obolibrary.org/obo/IAO_0000235 http://purl.obolibrary.org/obo/OBI_0000245 https://nfdi.fiz-karlsruhe.de/ontology/NFDI_0000004 https://nfdi.fiz-karlsruhe.de/ontology/NFDI_0000006 https://nfdi.fiz-karlsruhe.de/ontology/NFDI_0000102
nfdi-data-portal	dataportal	nfdi	nfdi.fiz-karlsruhe.de	information	research-data		A data portal (nfdi:NFDI_0000123) is distinguished from the repository that hosts it (nfdi:NFDI_0001202), and the formats and standards it supports are separate individuals rather than strings. Its access point is carried by the nfdi:NFDI_0001008 (has url) datatype property.	Which data portals and repositories does NFDI-MatWerk reference?; Which organisation hosts a given portal, and what access conditions apply?; Which data formats and PID systems does a given repository support?	http://purl.obolibrary.org/obo/IAO_0000033 http://purl.obolibrary.org/obo/IAO_0000098 http://purl.obolibrary.org/obo/IAO_0000235 http://purl.obolibrary.org/obo/IAO_0000310 http://purl.obolibrary.org/obo/RO_0000056 https://nfdi.fiz-karlsruhe.de/ontology/NFDI_0000123 https://nfdi.fiz-karlsruhe.de/ontology/NFDI_0000206 https://nfdi.fiz-karlsruhe.de/ontology/NFDI_0000223 https://nfdi.fiz-karlsruhe.de/ontology/NFDI_0001008 https://nfdi.fiz-karlsruhe.de/ontology/NFDI_0001202
nfdi-dataset-description	dataset	nfdi	nfdi.fiz-karlsruhe.de	information	research-data		A dataset (nfdi:NFDI_0000009) is described by value nodes reached with obo:IAO_0000235, composed with obo:BFO_0000051 (has part), and related to its subject matter with obo:IAO_0000136 (is about). Creators and affiliations are modelled as ordered list individuals rather than repeated literals.	Which datasets does NFDI-MatWerk provide, and under which licence?; Who created a given dataset, and at which organisation?; Which dataset is described by a given metadata standard?; Which datasets relate to a given material or academic discipline?	http://purl.obolibrary.org/obo/BFO_0000051 http://purl.obolibrary.org/obo/IAO_0000027 http://purl.obolibrary.org/obo/IAO_0000030 http://purl.obolibrary.org/obo/IAO_0000136 http://purl.obolibrary.org/obo/IAO_0000235 http://purl.obolibrary.org/obo/IAO_0000300 http://purl.obolibrary.org/obo/RO_0000056 https://nfdi.fiz-karlsruhe.de/ontology/NFDI_0000009 https://nfdi.fiz-karlsruhe.de/ontology/NFDI_0001029 https://nfdi.fiz-karlsruhe.de/ontology/NFDI_0001032 https://nfdi.fiz-karlsruhe.de/ontology/NFDI_0001033
nfdi-event-occurrence	event	nfdi	nfdi.fiz-karlsruhe.de	behavioral	research-data		An academic event (nfdi:NFDI_0010020, conference) is an occurrent located in time with obo:BFO_0000199, with organisers and audience attached as participants via obo:RO_0000057 and headcount as an input via obo:RO_0002233. Recurrence and title are separate value nodes.	Which academic events has NFDI-MatWerk organised, and when?; Which organisation or task area organised a given event, and how often does it recur?; Which publications or educational materials came out of a given event?	http://purl.obolibrary.org/obo/BFO_0000019 http://purl.obolibrary.org/obo/BFO_0000020 http://purl.obolibrary.org/obo/BFO_0000027 http://purl.obolibrary.org/obo/BFO_0000199 http://purl.obolibrary.org/obo/IAO_0000235 http://purl.obolibrary.org/obo/IAO_0000300 http://purl.obolibrary.org/obo/RO_0000057 http://purl.obolibrary.org/obo/RO_0002233 https://nfdi.fiz-karlsruhe.de/ontology/NFDI_0000018 https://nfdi.fiz-karlsruhe.de/ontology/NFDI_0000107 https://nfdi.fiz-karlsruhe.de/ontology/NFDI_0001019 https://nfdi.fiz-karlsruhe.de/ontology/NFDI_0010020
nfdi-organization-identified-located	organization	nfdi	nfdi.fiz-karlsruhe.de	spatial	research-data		An organization (obo:OBI_0000245) is placed with obo:RO_0001025 (located in) against a city and country, and identified by a ROR identifier value node plus an acronym annotation. Identification and location are modelled as separate reusable individuals, not as literals on the organization.	Which organisations participate in NFDI-MatWerk?; What is an organisation's ROR identifier, and in which city is it located?; Which organisation is the parent of a given institute?; Which researchers, instruments and facilities belong to a given organisation?	http://purl.obolibrary.org/obo/IAO_0000235 http://purl.obolibrary.org/obo/IAO_0000300 http://purl.obolibrary.org/obo/IAO_0000303 http://purl.obolibrary.org/obo/IAO_0000578 http://purl.obolibrary.org/obo/OBI_0000245 http://purl.obolibrary.org/obo/RO_0001025 https://nfdi.fiz-karlsruhe.de/ontology/NFDI_0000005 https://nfdi.fiz-karlsruhe.de/ontology/NFDI_0000102 https://nfdi.fiz-karlsruhe.de/ontology/NFDI_0000106 https://nfdi.fiz-karlsruhe.de/ontology/NFDI_0000119 https://nfdi.fiz-karlsruhe.de/ontology/NFDI_0001013 https://nfdi.fiz-karlsruhe.de/ontology/NFDI_0001041 https://nfdi.fiz-karlsruhe.de/ontology/NFDI_0001042
nfdi-persistent-identifier	fdos	nfdi	nfdi.fiz-karlsruhe.de	information	research-data		A persistent identifier (nfdi:NFDI_0001037, digital object identifier) is a first-class individual that is part-of the object it identifies via obo:BFO_0000050 and carries its resolvable address through nfdi:NFDI_0001008 (has url). The identifier is therefore describable in its own right rather than being a literal on the dataset.	Which FAIR Digital Objects has NFDI-MatWerk registered?; What is the persistent identifier of a given FDO, and which dataset does it denote?	http://purl.obolibrary.org/obo/BFO_0000050 http://purl.obolibrary.org/obo/IAO_0000235 http://purl.obolibrary.org/obo/IAO_0000578 https://nfdi.fiz-karlsruhe.de/ontology/NFDI_0001008 https://nfdi.fiz-karlsruhe.de/ontology/NFDI_0001037
nfdi-person-identity	people	nfdi	nfdi.fiz-karlsruhe.de	conceptual	research-data		A person (nfdi:NFDI_0000004) carries identity and label while given name, family name and ORCID identifier are separate value-node individuals reached by obo:IAO_0000235. Involvement in a task area or project is modelled with obo:RO_0000056 (participates in) rather than a direct affiliation literal.	Which researchers are involved in NFDI-MatWerk, and in which task area?; What is the ORCID iD of a given researcher, and which organisation are they affiliated with?; Which academic disciplines does a researcher work in?; Which datasets, software or publications is a given researcher a creator of?	http://purl.obolibrary.org/obo/BFO_0000015 http://purl.obolibrary.org/obo/IAO_0000235 http://purl.obolibrary.org/obo/IAO_0000578 http://purl.obolibrary.org/obo/IAO_0000708 http://purl.obolibrary.org/obo/IAO_0020000 http://purl.obolibrary.org/obo/IAO_0020015 http://purl.obolibrary.org/obo/IAO_0020016 http://purl.obolibrary.org/obo/IAO_0020017 http://purl.obolibrary.org/obo/RO_0000056 https://nfdi.fiz-karlsruhe.de/ontology/NFDI_0000002 https://nfdi.fiz-karlsruhe.de/ontology/NFDI_0000004 https://nfdi.fiz-karlsruhe.de/ontology/NFDI_0000102
nfdi-process-role-realization	process	nfdi	nfdi.fiz-karlsruhe.de	behavioral	general		A process individual links participants via obo:RO_0000057, realizes one or more roles via obo:BFO_0000055, and is bounded in time by obo:BFO_0000199 (occupies temporal region). This is the join point between the agent, role and temporal patterns.	Which processes are recorded in the knowledge graph, and who participates in them?; Which role is realised in a given process, and over which period?	http://purl.obolibrary.org/obo/BFO_0000003 http://purl.obolibrary.org/obo/BFO_0000008 http://purl.obolibrary.org/obo/BFO_0000055 http://purl.obolibrary.org/obo/BFO_0000199 http://purl.obolibrary.org/obo/OBI_0000245 http://purl.obolibrary.org/obo/RO_0000057 http://purl.obolibrary.org/obo/RO_0000059 https://nfdi.fiz-karlsruhe.de/ontology/NFDI_0000014 https://nfdi.fiz-karlsruhe.de/ontology/NFDI_0000102 https://nfdi.fiz-karlsruhe.de/ontology/NFDI_0000114 https://nfdi.fiz-karlsruhe.de/ontology/NFDI_0000118 https://nfdi.fiz-karlsruhe.de/ontology/NFDI_0000193 https://nfdi.fiz-karlsruhe.de/ontology/NFDI_0000228 https://nfdi.fiz-karlsruhe.de/ontology/NFDI_0000229 https://nfdi.fiz-karlsruhe.de/ontology/NFDI_0001058
nfdi-publication-publishing-process	publication	nfdi	nfdi.fiz-karlsruhe.de	information	research-data		A publication (nfdi:NFDI_0000190) is tied to the publishing process that produced it (nfdi:NFDI_0000014) through obo:RO_0000056, so the act of publishing is reified rather than collapsed into a date literal. Ordered authorship is an author-list individual and the DOI is a first-class identifier individual.	Which publications resulted from a given task area or infrastructure use case?; What is the DOI of a given publication, and who are its authors in order?; Which publications describe a given software, dataset or instrument?; In which year and through which publishing process did a publication appear?	http://purl.obolibrary.org/obo/BFO_0000051 http://purl.obolibrary.org/obo/IAO_0000235 http://purl.obolibrary.org/obo/IAO_0000300 http://purl.obolibrary.org/obo/IAO_0000305 http://purl.obolibrary.org/obo/IAO_0000578 http://purl.obolibrary.org/obo/RO_0000056 https://nfdi.fiz-karlsruhe.de/ontology/NFDI_0000014 https://nfdi.fiz-karlsruhe.de/ontology/NFDI_0000190 https://nfdi.fiz-karlsruhe.de/ontology/NFDI_0001029 https://nfdi.fiz-karlsruhe.de/ontology/NFDI_0001030 https://nfdi.fiz-karlsruhe.de/ontology/NFDI_0001037
nfdi-role-borne-by-agent	role	nfdi	nfdi.fiz-karlsruhe.de	conceptual	general		A role (here nfdi:NFDI_0000114, contact point role) is a first-class individual that is role-of an agent via obo:RO_0000081, rather than an attribute of the agent. Its descriptive values, such as an email address, hang off it as value nodes reached by obo:IAO_0000235.	Which role does a given person or organisation bear, and in what context?; Which contact point is responsible for a given resource?	http://purl.obolibrary.org/obo/BFO_0000004 http://purl.obolibrary.org/obo/BFO_0000055 http://purl.obolibrary.org/obo/IAO_0000030 http://purl.obolibrary.org/obo/IAO_0000235 http://purl.obolibrary.org/obo/IAO_0000429 http://purl.obolibrary.org/obo/RO_0000081 http://purl.obolibrary.org/obo/RO_0000087 https://nfdi.fiz-karlsruhe.de/ontology/NFDI_0000102 https://nfdi.fiz-karlsruhe.de/ontology/NFDI_0000114 https://nfdi.fiz-karlsruhe.de/ontology/NFDI_0000229
nfdi-service-product-provision	service	nfdi	nfdi.fiz-karlsruhe.de	behavioral	research-data		A service product (nfdi:NFDI_0000232) is the output of a service process via obo:RO_0002353, and the provider is attached by the service product role rather than by a direct provider link. A separate service specification individual holds what the service promises.	Which services does NFDI-MatWerk offer, and who provides them?; Which service supports a given infrastructure use case?; How is a given service accessed, and by whom is it maintained?	http://purl.obolibrary.org/obo/BFO_0000141 http://purl.obolibrary.org/obo/IAO_0000104 http://purl.obolibrary.org/obo/IAO_0000235 http://purl.obolibrary.org/obo/RO_0002353 https://nfdi.fiz-karlsruhe.de/ontology/NFDI_0000101 https://nfdi.fiz-karlsruhe.de/ontology/NFDI_0000226 https://nfdi.fiz-karlsruhe.de/ontology/NFDI_0000228 https://nfdi.fiz-karlsruhe.de/ontology/NFDI_0000232 https://nfdi.fiz-karlsruhe.de/ontology/NFDI_0000244
nfdi-software-product	software	nfdi	nfdi.fiz-karlsruhe.de	information	research-data		Software (nfdi:NFDI_0000121) is described by a composition of distinct value-node classes: title, repository, licence, version number, programming language and operating system, each reached through obo:IAO_0000235. Links to the discipline and the method it implements use obo:RO_0000056 and nfdi:NFDI_0000226.	Which software does NFDI-MatWerk provide, and under which licence?; Where is the source-code repository of a given software, and what is its version?; Which software supports a given workflow or academic discipline?; Who develops and maintains a given software?	http://purl.obolibrary.org/obo/IAO_0000010 http://purl.obolibrary.org/obo/IAO_0000025 http://purl.obolibrary.org/obo/IAO_0000028 http://purl.obolibrary.org/obo/IAO_0000030 http://purl.obolibrary.org/obo/IAO_0000104 http://purl.obolibrary.org/obo/IAO_0000129 http://purl.obolibrary.org/obo/IAO_0000235 http://purl.obolibrary.org/obo/IAO_0000300 http://purl.obolibrary.org/obo/RO_0000056 http://www.ebi.ac.uk/swo/SWO_0000002 https://nfdi.fiz-karlsruhe.de/ontology/NFDI_0000100 https://nfdi.fiz-karlsruhe.de/ontology/NFDI_0000121 https://nfdi.fiz-karlsruhe.de/ontology/NFDI_0000123 https://nfdi.fiz-karlsruhe.de/ontology/NFDI_0000215 https://nfdi.fiz-karlsruhe.de/ontology/NFDI_0000223 https://nfdi.fiz-karlsruhe.de/ontology/NFDI_0000226 https://nfdi.fiz-karlsruhe.de/ontology/NFDI_0001000 https://nfdi.fiz-karlsruhe.de/ontology/NFDI_0001018 https://nfdi.fiz-karlsruhe.de/ontology/NFDI_0001047 https://nfdi.fiz-karlsruhe.de/ontology/NFDI_0001210
nfdi-sparql-endpoint-dataset	sparql_endpoints	nfdi	nfdi.fiz-karlsruhe.de	information	research-data		A queryable endpoint (nfdi:NFDI_0001095) is modelled as a part of the dataset it serves, linked with obo:BFO_0000051 (has part), rather than as a property of the dataset. This keeps the endpoint addressable and separately describable.	Which SPARQL endpoints can the MatWerk Knowledge Graph be federated with?; What is the endpoint URL of a given knowledge graph, and under which licence is it offered?; Who created and maintains a given endpoint's dataset?	http://purl.obolibrary.org/obo/BFO_0000051 http://purl.obolibrary.org/obo/IAO_0000235 https://nfdi.fiz-karlsruhe.de/ontology/NFDI_0000009 https://nfdi.fiz-karlsruhe.de/ontology/NFDI_0000222 https://nfdi.fiz-karlsruhe.de/ontology/NFDI_0001095
nfdi-task-area-objective	matwerkta	nfdi	nfdi.fiz-karlsruhe.de	information	research-data		An organisational work unit is modelled as an objective specification (obo:IAO_0000005) that is decomposed into work-package textual entities with obo:BFO_0000051 and is the subject of the processes carrying it out via nfdi:NFDI_0000226. The unit is thus represented by what it specifies rather than as an opaque organisational node.	Which task areas comprise NFDI-MatWerk, and what responsibilities does each hold?; Which researchers and organizations participate in a specified task area?; What infrastructure use cases and participant projects does a task area encompass?	http://purl.obolibrary.org/obo/BFO_0000003 http://purl.obolibrary.org/obo/BFO_0000015 http://purl.obolibrary.org/obo/BFO_0000051 http://purl.obolibrary.org/obo/IAO_0000005 http://purl.obolibrary.org/obo/IAO_0000033 http://purl.obolibrary.org/obo/IAO_0000235 http://purl.obolibrary.org/obo/IAO_0000300 http://purl.obolibrary.org/obo/RO_0000056 https://nfdi.fiz-karlsruhe.de/ontology/NFDI_0000226 https://nfdi.fiz-karlsruhe.de/ontology/NFDI_0001035
nfdi-temporal-region	temporal	nfdi	nfdi.fiz-karlsruhe.de	temporal	general		A one-dimensional temporal region (obo:BFO_0000038) is reified as an individual whose extent is given by obo:BFO_0000222 (has first instant) and obo:BFO_0000224 (has last instant) pointing at zero-dimensional regions. Other entities attach to it through obo:BFO_0000199.	Over which period did a given project, event or role run?; Which resources were created or published in a given year?	http://purl.obolibrary.org/obo/BFO_0000003 http://purl.obolibrary.org/obo/BFO_0000008 http://purl.obolibrary.org/obo/BFO_0000038 http://purl.obolibrary.org/obo/BFO_0000148 http://purl.obolibrary.org/obo/BFO_0000199 http://purl.obolibrary.org/obo/BFO_0000222 http://purl.obolibrary.org/obo/BFO_0000224 http://purl.obolibrary.org/obo/IAO_0000235
notepattern	Notepattern	odp	purl.org	structural	music		The Music Note ODP models a symbolic note and its symbolic attributes.	what is the name of a note?, what part of the score does a note belong to?, what are the dynamic indications referring to a note in the score?, what is the fundamental frequency of a note?, what are the different frequencies that make up the spectrum of a note?, what is the duration in seconds of a note, in a given performance?, how is the envelope of a note shaped?	https://purl.org/andreapoltronieri/musicalobject#hasIntensityValue https://purl.org/andreapoltronieri/musicalobject/Envelope https://purl.org/andreapoltronieri/musicalobject/Frequency https://purl.org/andreapoltronieri/musicalobject/FundamentalFrequency https://purl.org/andreapoltronieri/musicalobject/MusicalObject https://purl.org/andreapoltronieri/musicalobject/MusicalObjectDuration https://purl.org/andreapoltronieri/musicalobject/PartialFrequency https://purl.org/andreapoltronieri/musicalobject/SoundIntensity https://purl.org/andreapoltronieri/musicalobject/hasAttack https://purl.org/andreapoltronieri/musicalobject/hasDecay https://purl.org/andreapoltronieri/musicalobject/hasDuration https://purl.org/andreapoltronieri/musicalobject/hasDurationInSeconds https://purl.org/andreapoltronieri/musicalobject/hasEnvelope https://purl.org/andreapoltronieri/musicalobject/hasFrequency https://purl.org/andreapoltronieri/musicalobject/hasFrequencyMagnitude https://purl.org/andreapoltronieri/musicalobject/hasRelease https://purl.org/andreapoltronieri/musicalobject/hasSoundIntensity https://purl.org/andreapoltronieri/musicalobject/hasSustain https://purl.org/andreapoltronieri/musicalobject/isDurationOf https://purl.org/andreapoltronieri/musicalobject/isEnvelopeOf https://purl.org/andreapoltronieri/musicalobject/isFrequencyOf https://purl.org/andreapoltronieri/musicalobject/isSoundIntensityOf https://purl.org/andreapoltronieri/notepattern#hasPositionInMeasure https://purl.org/andreapoltronieri/notepattern/A https://purl.org/andreapoltronieri/notepattern/Accidental https://purl.org/andreapoltronieri/notepattern/Adoubleflat https://purl.org/andreapoltronieri/notepattern/Adoublesharp https://purl.org/andreapoltronieri/notepattern/Aflat https://purl.org/andreapoltronieri/notepattern/Anatural https://purl.org/andreapoltronieri/notepattern/Asharp https://purl.org/andreapoltronieri/notepattern/B https://purl.org/andreapoltronieri/notepattern/Bdoubleflat https://purl.org/andreapoltronieri/notepattern/Bdoublesharp https://purl.org/andreapoltronieri/notepattern/Bflat https://purl.org/andreapoltronieri/notepattern/Bnatural https://purl.org/andreapoltronieri/notepattern/Bsharp https://purl.org/andreapoltronieri/notepattern/C https://purl.org/andreapoltronieri/notepattern/Cdoubleflat https://purl.org/andreapoltronieri/notepattern/Cdoublesharp https://purl.org/andreapoltronieri/notepattern/Cflat https://purl.org/andreapoltronieri/notepattern/Cnatural https://purl.org/andreapoltronieri/notepattern/Csharp https://purl.org/andreapoltronieri/notepattern/D https://purl.org/andreapoltronieri/notepattern/Ddoubleflat https://purl.org/andreapoltronieri/notepattern/Ddoublesharp https://purl.org/andreapoltronieri/notepattern/Dflat https://purl.org/andreapoltronieri/notepattern/Dnatural https://purl.org/andreapoltronieri/notepattern/DoubleFlat https://purl.org/andreapoltronieri/notepattern/DoubleSharp https://purl.org/andreapoltronieri/notepattern/Dsharp https://purl.org/andreapoltronieri/notepattern/E https://purl.org/andreapoltronieri/notepattern/Edoubleflat https://purl.org/andreapoltronieri/notepattern/Edoublesharp https://purl.org/andreapoltronieri/notepattern/Eflat https://purl.org/andreapoltronieri/notepattern/Enatural https://purl.org/andreapoltronieri/notepattern/Esharp https://purl.org/andreapoltronieri/notepattern/F https://purl.org/andreapoltronieri/notepattern/Fdoubleflat https://purl.org/andreapoltronieri/notepattern/Fdoublesharp https://purl.org/andreapoltronieri/notepattern/Fflat https://purl.org/andreapoltronieri/notepattern/Flat https://purl.org/andreapoltronieri/notepattern/Fnatural https://purl.org/andreapoltronieri/notepattern/Fsharp https://purl.org/andreapoltronieri/notepattern/G https://purl.org/andreapoltronieri/notepattern/Gantural https://purl.org/andreapoltronieri/notepattern/Gdoubleflat https://purl.org/andreapoltronieri/notepattern/Gdoublesharp https://purl.org/andreapoltronieri/notepattern/Gflat https://purl.org/andreapoltronieri/notepattern/Gsharp https://purl.org/andreapoltronieri/notepattern/Natural https://purl.org/andreapoltronieri/notepattern/NoteDuration https://purl.org/andreapoltronieri/notepattern/NoteDynamic https://purl.org/andreapoltronieri/notepattern/NotePitch https://purl.org/andreapoltronieri/notepattern/Position https://purl.org/andreapoltronieri/notepattern/Sharp https://purl.org/andreapoltronieri/notepattern/SymbolicNote https://purl.org/andreapoltronieri/notepattern/belongsToFragment https://purl.org/andreapoltronieri/notepattern/belongsToSection https://purl.org/andreapoltronieri/notepattern/belongsToVoice https://purl.org/andreapoltronieri/notepattern/containsNoteEvent https://purl.org/andreapoltronieri/notepattern/groupsNoteEvent https://purl.org/andreapoltronieri/notepattern/hasAccidental https://purl.org/andreapoltronieri/notepattern/hasDurationAbstraction https://purl.org/andreapoltronieri/notepattern/hasDynamicAbstraction https://purl.org/andreapoltronieri/notepattern/hasFrequencyAbstraction https://purl.org/andreapoltronieri/notepattern/hasLiteralDynamic https://purl.org/andreapoltronieri/notepattern/hasMeasure https://purl.org/andreapoltronieri/notepattern/hasMidiPitch https://purl.org/andreapoltronieri/notepattern/hasMidiVelocity https://purl.org/andreapoltronieri/notepattern/hasNoteDuration https://purl.org/andreapoltronieri/notepattern/hasNoteDynamic https://purl.org/andreapoltronieri/notepattern/hasNotePitch https://purl.org/andreapoltronieri/notepattern/hasPosition https://purl.org/andreapoltronieri/notepattern/hasRealisation https://purl.org/andreapoltronieri/notepattern/isAccidentalOf https://purl.org/andreapoltronieri/notepattern/isDefinedByOctave https://purl.org/andreapoltronieri/notepattern/isDurationOfNote https://purl.org/andreapoltronieri/notepattern/isDynamicOf https://purl.org/andreapoltronieri/notepattern/isPitchOf https://purl.org/andreapoltronieri/notepattern/isPositionOf https://purl.org/andreapoltronieri/notepattern/isRealisationOf https://purl.org/andreapoltronieri/notepattern/isRealisedAsDuration https://purl.org/andreapoltronieri/notepattern/isRealisedAsFrequency https://purl.org/andreapoltronieri/notepattern/isRealisedAsIntensity https://purl.org/andreapoltronieri/scorepart/HomogeneousFragment https://purl.org/andreapoltronieri/scorepart/Instrument https://purl.org/andreapoltronieri/scorepart/Part https://purl.org/andreapoltronieri/scorepart/Section https://purl.org/andreapoltronieri/scorepart/Voice https://purl.org/andreapoltronieri/scorepart/hasClef https://purl.org/andreapoltronieri/scorepart/hasFragment https://purl.org/andreapoltronieri/scorepart/hasMetric https://purl.org/andreapoltronieri/scorepart/hasMidiProgram https://purl.org/andreapoltronieri/scorepart/hasSection https://purl.org/andreapoltronieri/scorepart/hasStaff https://purl.org/andreapoltronieri/scorepart/hasTempo https://purl.org/andreapoltronieri/scorepart/hasVoice https://purl.org/andreapoltronieri/scorepart/isFragmentOf https://purl.org/andreapoltronieri/scorepart/isPlayedBy https://purl.org/andreapoltronieri/scorepart/isSectionOf https://purl.org/andreapoltronieri/scorepart/isVoiceOf https://purl.org/andreapoltronieri/scorepart/playsPart
object-with-states	Object With States Pattern	odp	delicias.dia.fi.upm.es	structural	computing		An object can have different states for which different restrictions apply. The goal of the pattern is to allow modelling the different states of an object and the restrictions on such object for its different states	Objects in StateA must have at least one value for property property1; Objects in StateB must have at most one value for property property2; Objects in StateC must have exactly one value for property property3; Objects must have a unique state; Object states must belong to a single collection of non-duplicate elements (i.e., to a set); An object can have three different states; The possible states are: StateA, StateB and StateC	http://delicias.dia.fi.upm.es/ontologies/ObjectWithStates.owl#Object http://delicias.dia.fi.upm.es/ontologies/ObjectWithStates.owl#State http://delicias.dia.fi.upm.es/ontologies/ObjectWithStates.owl#StateSet http://delicias.dia.fi.upm.es/ontologies/ObjectWithStates.owl#hasState http://delicias.dia.fi.upm.es/ontologies/ObjectWithStates.owl#isStateOf http://ontologydesignpatterns.org/cp/owl/collectionentity.owl#isMemberOf http://www.ontologydesignpatterns.org/cp/owl/set.owl#Set http://www.ontologydesignpatterns.org/cp/owl/set.owl#size http://www.ontologydesignpatterns.org/cp/owl/situation.owl#Situation http://www.ontologydesignpatterns.org/cp/owl/situation.owl#hasSetting http://www.ontologydesignpatterns.org/cp/owl/situation.owl#isSettingFor
objectrole	Objectrole Pattern	odp	ontologydesignpatterns.org	behavioral	general		To represents objects and the roles they play.	What role does this object play? which objects do play that role?	http://www.ontologydesignpatterns.org/cp/owl/classification.owl#Concept http://www.ontologydesignpatterns.org/cp/owl/classification.owl#classifies http://www.ontologydesignpatterns.org/cp/owl/classification.owl#isClassifiedBy http://www.ontologydesignpatterns.org/cp/owl/objectrole.owl#Object http://www.ontologydesignpatterns.org/cp/owl/objectrole.owl#Role http://www.ontologydesignpatterns.org/cp/owl/objectrole.owl#hasRole http://www.ontologydesignpatterns.org/cp/owl/objectrole.owl#isRoleOf
observation	Observation Pattern	odp	ontologydesignpatterns.org	behavioral	general		Represents an observation made by an observer about a feature of interest, producing a result.	What was observed? Who made the observation? What was the result?	http://www.ontologydesignpatterns.org/cp/owl/observation.owl#FeatureOfInterest http://www.ontologydesignpatterns.org/cp/owl/observation.owl#Observation http://www.ontologydesignpatterns.org/cp/owl/observation.owl#Observer http://www.ontologydesignpatterns.org/cp/owl/observation.owl#Result http://www.ontologydesignpatterns.org/cp/owl/observation.owl#hasFeatureOfInterest http://www.ontologydesignpatterns.org/cp/owl/observation.owl#hasResult http://www.ontologydesignpatterns.org/cp/owl/observation.owl#madeBy
parameter	Parameter Pattern	odp	ontologydesignpatterns.org	conceptual	general		To represent parameters to be used for a certain concept.		http://www.ontologydesignpatterns.org/cp/owl/parameter.owl#Concept http://www.ontologydesignpatterns.org/cp/owl/parameter.owl#Parameter http://www.ontologydesignpatterns.org/cp/owl/parameter.owl#hasParameter http://www.ontologydesignpatterns.org/cp/owl/parameter.owl#hasParameterDataValue http://www.ontologydesignpatterns.org/cp/owl/parameter.owl#isParameterFor
part-of	Part-Of Pattern	odp	ontologydesignpatterns.org	structural	general		Models mereological part-whole relationships. A whole entity has parts, and parts are components of a whole.	What are the parts of this whole? What is this entity part of?	http://www.ontologydesignpatterns.org/cp/owl/partof.owl#Part http://www.ontologydesignpatterns.org/cp/owl/partof.owl#Whole http://www.ontologydesignpatterns.org/cp/owl/partof.owl#hasPart http://www.ontologydesignpatterns.org/cp/owl/partof.owl#isPartOf
participation	Participation Pattern	odp	ontologydesignpatterns.org	behavioral	general		Represents the participation of an object in an event or process.	What objects participate in this event? In what events does this object participate?	http://www.ontologydesignpatterns.org/cp/owl/participation.owl#Event http://www.ontologydesignpatterns.org/cp/owl/participation.owl#Object http://www.ontologydesignpatterns.org/cp/owl/participation.owl#hasParticipant http://www.ontologydesignpatterns.org/cp/owl/participation.owl#isParticipantIn
partof	Partof Pattern	odp	ontologydesignpatterns.org	structural	general	part-of	To represents entities and their parts.	What is this entity part of? What are the parts of this entity?	http://www.ontologydesignpatterns.org/cp/owl/partof.owl#hasPart http://www.ontologydesignpatterns.org/cp/owl/partof.owl#isPartOf
periodicinterval	Periodicinterval Pattern	odp	delicias.dia.fi.upm.es	temporal	general		The goal of this pattern is to represent non-convex intervals where the duration of each internal interval and the duration of the gaps between intervals are constant. These intervals are called periodic intervals within the context of this pattern.	What is the period of the interval 'every tuesday of 2010'? The period is a week (weekly).	http://delicias.dia.fi.upm.es/ontologies/PeriodicInterval.owl#PeriodicInterval http://delicias.dia.fi.upm.es/ontologies/PeriodicInterval.owl#hasIntervalDurationPerPeriod http://delicias.dia.fi.upm.es/ontologies/PeriodicInterval.owl#hasPeriod http://www.w3.org/2006/time#DateTimeDescription http://www.w3.org/2006/time#DateTimeInterval http://www.w3.org/2006/time#DayOfWeek http://www.w3.org/2006/time#Duration http://www.w3.org/2006/time#DurationDescription http://www.w3.org/2006/time#GeneralDateTimeDescription http://www.w3.org/2006/time#GeneralDurationDescription http://www.w3.org/2006/time#Instant http://www.w3.org/2006/time#Interval http://www.w3.org/2006/time#January http://www.w3.org/2006/time#MonthOfYear http://www.w3.org/2006/time#ProperInterval http://www.w3.org/2006/time#TRS http://www.w3.org/2006/time#TemporalDuration http://www.w3.org/2006/time#TemporalEntity http://www.w3.org/2006/time#TemporalPosition http://www.w3.org/2006/time#TemporalUnit http://www.w3.org/2006/time#TimePosition http://www.w3.org/2006/time#TimeZone http://www.w3.org/2006/time#Year http://www.w3.org/2006/time#after http://www.w3.org/2006/time#before http://www.w3.org/2006/time#day http://www.w3.org/2006/time#dayOfWeek http://www.w3.org/2006/time#dayOfYear http://www.w3.org/2006/time#days http://www.w3.org/2006/time#hasBeginning http://www.w3.org/2006/time#hasDateTimeDescription http://www.w3.org/2006/time#hasDuration http://www.w3.org/2006/time#hasDurationDescription http://www.w3.org/2006/time#hasEnd http://www.w3.org/2006/time#hasTRS http://www.w3.org/2006/time#hasTemporalDuration http://www.w3.org/2006/time#hasTime http://www.w3.org/2006/time#hasXSDDuration http://www.w3.org/2006/time#hour http://www.w3.org/2006/time#hours http://www.w3.org/2006/time#inDateTime http://www.w3.org/2006/time#inTemporalPosition http://www.w3.org/2006/time#inTimePosition http://www.w3.org/2006/time#inXSDDate http://www.w3.org/2006/time#inXSDDateTime http://www.w3.org/2006/time#inXSDDateTimeStamp http://www.w3.org/2006/time#inXSDgYear http://www.w3.org/2006/time#inXSDgYearMonth http://www.w3.org/2006/time#inside http://www.w3.org/2006/time#intervalAfter http://www.w3.org/2006/time#intervalBefore http://www.w3.org/2006/time#intervalContains http://www.w3.org/2006/time#intervalDisjoint http://www.w3.org/2006/time#intervalDuring http://www.w3.org/2006/time#intervalEquals http://www.w3.org/2006/time#intervalFinishedBy http://www.w3.org/2006/time#intervalFinishes http://www.w3.org/2006/time#intervalIn http://www.w3.org/2006/time#intervalMeets http://www.w3.org/2006/time#intervalMetBy http://www.w3.org/2006/time#intervalOverlappedBy http://www.w3.org/2006/time#intervalOverlaps http://www.w3.org/2006/time#intervalStartedBy http://www.w3.org/2006/time#intervalStarts http://www.w3.org/2006/time#minute http://www.w3.org/2006/time#minutes http://www.w3.org/2006/time#month http://www.w3.org/2006/time#monthOfYear http://www.w3.org/2006/time#months http://www.w3.org/2006/time#nominalPosition http://www.w3.org/2006/time#numericDuration http://www.w3.org/2006/time#numericPosition http://www.w3.org/2006/time#second http://www.w3.org/2006/time#seconds http://www.w3.org/2006/time#timeZone http://www.w3.org/2006/time#unitType http://www.w3.org/2006/time#week http://www.w3.org/2006/time#weeks http://www.w3.org/2006/time#xsdDateTime http://www.w3.org/2006/time#year http://www.w3.org/2006/time#years
persons	Persons Pattern	odp	ontologydesignpatterns.org	information	social				http://www.ontologydesignpatterns.org/cp/owl/agentrole.owl#Agent http://www.ontologydesignpatterns.org/cp/owl/classification.owl#Concept http://www.ontologydesignpatterns.org/cp/owl/classification.owl#classifies http://www.ontologydesignpatterns.org/cp/owl/classification.owl#isClassifiedBy http://www.ontologydesignpatterns.org/cp/owl/description.owl#Concept http://www.ontologydesignpatterns.org/cp/owl/description.owl#Description http://www.ontologydesignpatterns.org/cp/owl/description.owl#defines http://www.ontologydesignpatterns.org/cp/owl/description.owl#isConceptUsedIn http://www.ontologydesignpatterns.org/cp/owl/description.owl#isDefinedIn http://www.ontologydesignpatterns.org/cp/owl/description.owl#usesConcept http://www.ontologydesignpatterns.org/cp/owl/objectrole.owl#Object http://www.ontologydesignpatterns.org/cp/owl/objectrole.owl#Role http://www.ontologydesignpatterns.org/cp/owl/objectrole.owl#hasRole http://www.ontologydesignpatterns.org/cp/owl/objectrole.owl#isRoleOf http://www.ontologydesignpatterns.org/cp/owl/persons.owl#NaturalPerson http://www.ontologydesignpatterns.org/cp/owl/persons.owl#Person http://www.ontologydesignpatterns.org/cp/owl/persons.owl#SocialPerson http://www.ontologydesignpatterns.org/cp/owl/persons.owl#actsFor http://www.ontologydesignpatterns.org/cp/owl/persons.owl#actsThrough http://www.ontologydesignpatterns.org/cp/owl/persons.owl#introduces http://www.ontologydesignpatterns.org/cp/owl/persons.owl#isIntroducedBy
place	Place Pattern	odp	ontologydesignpatterns.org	spatial	general		To talk about places of things.	Where is a certain thing located? What is located at this place?	http://www.ontologydesignpatterns.org/cp/owl/place.owl#Place http://www.ontologydesignpatterns.org/cp/owl/place.owl#hasLocation http://www.ontologydesignpatterns.org/cp/owl/place.owl#isLocationOf
planconditions	Planconditions Pattern	odp	ontologydesignpatterns.org	behavioral	general				http://www.ontologydesignpatterns.org/cp/owl/agentrole.owl#Agent http://www.ontologydesignpatterns.org/cp/owl/basicplan.owl#GoalSituation http://www.ontologydesignpatterns.org/cp/owl/basicplan.owl#conceptualizes http://www.ontologydesignpatterns.org/cp/owl/basicplan.owl#executesTask http://www.ontologydesignpatterns.org/cp/owl/basicplan.owl#isConceptualizedBy http://www.ontologydesignpatterns.org/cp/owl/basicplan.owl#isExecutedIn http://www.ontologydesignpatterns.org/cp/owl/basicplan.owl#isParametrizedBy http://www.ontologydesignpatterns.org/cp/owl/basicplan.owl#isSatisfiedBy http://www.ontologydesignpatterns.org/cp/owl/basicplan.owl#parametrizes http://www.ontologydesignpatterns.org/cp/owl/basicplan.owl#satisfies http://www.ontologydesignpatterns.org/cp/owl/basicplandescription.owl#Goal http://www.ontologydesignpatterns.org/cp/owl/basicplandescription.owl#Plan http://www.ontologydesignpatterns.org/cp/owl/basicplandescription.owl#definesRole http://www.ontologydesignpatterns.org/cp/owl/basicplandescription.owl#definesTask http://www.ontologydesignpatterns.org/cp/owl/basicplandescription.owl#hasMainGoal http://www.ontologydesignpatterns.org/cp/owl/basicplandescription.owl#isMainGoalIn http://www.ontologydesignpatterns.org/cp/owl/basicplandescription.owl#isRoleDefinedIn http://www.ontologydesignpatterns.org/cp/owl/basicplandescription.owl#isTaskDefinedIn http://www.ontologydesignpatterns.org/cp/owl/basicplanexecution.owl#Action http://www.ontologydesignpatterns.org/cp/owl/basicplanexecution.owl#Agent http://www.ontologydesignpatterns.org/cp/owl/basicplanexecution.owl#PlanExecution http://www.ontologydesignpatterns.org/cp/owl/basicplanexecution.owl#actionHasParticipant http://www.ontologydesignpatterns.org/cp/owl/basicplanexecution.owl#includesAction http://www.ontologydesignpatterns.org/cp/owl/basicplanexecution.owl#includesAgent http://www.ontologydesignpatterns.org/cp/owl/basicplanexecution.owl#includesObject http://www.ontologydesignpatterns.org/cp/owl/basicplanexecution.owl#includesRegion http://www.ontologydesignpatterns.org/cp/owl/basicplanexecution.owl#isActionIncludedIn http://www.ontologydesignpatterns.org/cp/owl/basicplanexecution.owl#isAgentIncludedIn http://www.ontologydesignpatterns.org/cp/owl/basicplanexecution.owl#isObjectIncludedIn http://www.ontologydesignpatterns.org/cp/owl/basicplanexecution.owl#isParticipantInAction http://www.ontologydesignpatterns.org/cp/owl/basicplanexecution.owl#isRegionIncludedIn http://www.ontologydesignpatterns.org/cp/owl/classification.owl#Concept http://www.ontologydesignpatterns.org/cp/owl/classification.owl#classifies http://www.ontologydesignpatterns.org/cp/owl/classification.owl#isClassifiedBy http://www.ontologydesignpatterns.org/cp/owl/description.owl#Concept http://www.ontologydesignpatterns.org/cp/owl/description.owl#Description http://www.ontologydesignpatterns.org/cp/owl/description.owl#defines http://www.ontologydesignpatterns.org/cp/owl/description.owl#isConceptUsedIn http://www.ontologydesignpatterns.org/cp/owl/description.owl#isDefinedIn http://www.ontologydesignpatterns.org/cp/owl/description.owl#usesConcept http://www.ontologydesignpatterns.org/cp/owl/objectrole.owl#Object http://www.ontologydesignpatterns.org/cp/owl/objectrole.owl#Role http://www.ontologydesignpatterns.org/cp/owl/objectrole.owl#hasRole http://www.ontologydesignpatterns.org/cp/owl/objectrole.owl#isRoleOf http://www.ontologydesignpatterns.org/cp/owl/parameter.owl#Concept http://www.ontologydesignpatterns.org/cp/owl/parameter.owl#Parameter http://www.ontologydesignpatterns.org/cp/owl/parameter.owl#hasParameter http://www.ontologydesignpatterns.org/cp/owl/parameter.owl#hasParameterDataValue http://www.ontologydesignpatterns.org/cp/owl/parameter.owl#isParameterFor http://www.ontologydesignpatterns.org/cp/owl/participation.owl#Event http://www.ontologydesignpatterns.org/cp/owl/participation.owl#Object http://www.ontologydesignpatterns.org/cp/owl/participation.owl#hasParticipant http://www.ontologydesignpatterns.org/cp/owl/participation.owl#isParticipantIn http://www.ontologydesignpatterns.org/cp/owl/partof.owl#hasPart http://www.ontologydesignpatterns.org/cp/owl/partof.owl#isPartOf http://www.ontologydesignpatterns.org/cp/owl/planconditions.owl#followsPrecondition http://www.ontologydesignpatterns.org/cp/owl/planconditions.owl#hasPostcondition http://www.ontologydesignpatterns.org/cp/owl/planconditions.owl#hasPrecondition http://www.ontologydesignpatterns.org/cp/owl/planconditions.owl#isPostconditionOf http://www.ontologydesignpatterns.org/cp/owl/planconditions.owl#isPostconditionPrecededBy http://www.ontologydesignpatterns.org/cp/owl/planconditions.owl#isPreconditionFollowedBy http://www.ontologydesignpatterns.org/cp/owl/planconditions.owl#isPreconditionOf http://www.ontologydesignpatterns.org/cp/owl/planconditions.owl#precedesPostcondition http://www.ontologydesignpatterns.org/cp/owl/region.owl#Region http://www.ontologydesignpatterns.org/cp/owl/region.owl#hasRegion http://www.ontologydesignpatterns.org/cp/owl/region.owl#hasRegionDataValue http://www.ontologydesignpatterns.org/cp/owl/region.owl#isRegionFor http://www.ontologydesignpatterns.org/cp/owl/sequence.owl#directlyFollows http://www.ontologydesignpatterns.org/cp/owl/sequence.owl#directlyPrecedes http://www.ontologydesignpatterns.org/cp/owl/sequence.owl#follows http://www.ontologydesignpatterns.org/cp/owl/sequence.owl#precedes http://www.ontologydesignpatterns.org/cp/owl/situation.owl#Situation http://www.ontologydesignpatterns.org/cp/owl/situation.owl#hasSetting http://www.ontologydesignpatterns.org/cp/owl/situation.owl#isSettingFor http://www.ontologydesignpatterns.org/cp/owl/taskrole.owl#Role http://www.ontologydesignpatterns.org/cp/owl/taskrole.owl#Task http://www.ontologydesignpatterns.org/cp/owl/taskrole.owl#hasTask http://www.ontologydesignpatterns.org/cp/owl/taskrole.owl#isTaskOf
pmdco-behavioral-property	Behavioral property	pmdco	materialdigital.github.io	behavioral	materials		Behavioral material properties manifest only in specific circumstances: yield strength is the material's behavior under mechanical stress, realized in a mechanical process. The property is a specifically dependent continuant borne by the material and given a value by a scalar value specification.	Which properties of a material show themselves only under particular circumstances? In which process is a behavioral property realized? What value and unit specify a behavioral property such as yield strength or melting point?	http://purl.obolibrary.org/obo/BFO_0000002 http://purl.obolibrary.org/obo/BFO_0000003 http://purl.obolibrary.org/obo/BFO_0000015 http://purl.obolibrary.org/obo/BFO_0000020 http://purl.obolibrary.org/obo/BFO_0000054 http://purl.obolibrary.org/obo/IAO_0000039 http://purl.obolibrary.org/obo/OBI_0001931 http://purl.obolibrary.org/obo/OBI_0001933 http://purl.obolibrary.org/obo/OBI_0001937 http://purl.obolibrary.org/obo/RO_0000052 http://purl.obolibrary.org/obo/RO_0000053 https://w3id.org/pmd/co/PMD_0000005 https://w3id.org/pmd/co/PMD_0000077 https://w3id.org/pmd/co/PMD_0000522 https://w3id.org/pmd/co/PMD_0000639 https://w3id.org/pmd/co/PMD_0000851 https://w3id.org/pmd/co/PMD_0020096 https://w3id.org/pmd/co/PMD_0020164 https://w3id.org/pmd/co/PMD_0020353 https://w3id.org/pmd/co/PMD_0023004 https://w3id.org/pmd/co/PMD_0080171
pmdco-categorical-value-specification	Categorical value specification	pmdco	materialdigital.github.io	information	materials		Represents how categorical rather than numeric values specify material characteristics, for instance a crystal structure of face-centered cubic, a grain structure of ferrite or an aggregate state of liquid. The categorical value specification is linked to the quality through specifies value of.	What non-numeric value does this material characteristic take? Which categorical value specification specifies the value of a given quality, and which entity is it about?	http://purl.obolibrary.org/obo/BFO_0000001 http://purl.obolibrary.org/obo/BFO_0000019 http://purl.obolibrary.org/obo/BFO_0000020 http://purl.obolibrary.org/obo/IAO_0000136 http://purl.obolibrary.org/obo/OBI_0001927 http://purl.obolibrary.org/obo/OBI_0001930 http://purl.obolibrary.org/obo/OBI_0001933 http://purl.obolibrary.org/obo/RO_0000086 https://w3id.org/pmd/co/PMD_0000000 https://w3id.org/pmd/co/PMD_0000077 https://w3id.org/pmd/co/PMD_0020139
pmdco-duality-object-material	Duality of object and material	pmdco	materialdigital.github.io	structural	materials		Represents how an object and a portion of matter are the same material entity seen two ways: as material (steel) it bears chemical composition; as object (ingot) it bears mass. Distinguishes extensive qualities, which scale with the size of the object, from intensive qualities, which are independent of portion size.	Which material is this object made of? Which qualities does an entity bear as a portion of matter (chemical composition) versus as an object (mass)? Which of an entity's qualities scale with its size and which do not?	http://purl.obolibrary.org/obo/BFO_0000019 http://purl.obolibrary.org/obo/BFO_0000020 http://purl.obolibrary.org/obo/BFO_0000030 http://purl.obolibrary.org/obo/BFO_0000040 http://purl.obolibrary.org/obo/BFO_0000051 http://purl.obolibrary.org/obo/RO_0000086 https://w3id.org/pmd/co/PMD_0000551 https://w3id.org/pmd/co/PMD_0000639 https://w3id.org/pmd/co/PMD_0020096 https://w3id.org/pmd/co/PMD_0020133 https://w3id.org/pmd/co/PMD_0020170 https://w3id.org/pmd/co/PMD_0023000 https://w3id.org/pmd/co/PMD_0025001
pmdco-fundamental-property	Fundamental property	pmdco	materialdigital.github.io	structural	materials		Fundamental material properties are always present: density for portions of matter, mass and volume for objects. Fundamental object properties are extensive, scaling with the size of the object, and are given a value through a scalar value specification carrying a numeric value and a unit label.	Which properties does a material entity always bear regardless of circumstance? Which fundamental properties belong to the portion of matter and which to the object? What numeric value and unit specify a given fundamental property?	http://purl.obolibrary.org/obo/BFO_0000001 http://purl.obolibrary.org/obo/BFO_0000002 http://purl.obolibrary.org/obo/BFO_0000003 http://purl.obolibrary.org/obo/BFO_0000004 http://purl.obolibrary.org/obo/BFO_0000008 http://purl.obolibrary.org/obo/BFO_0000019 http://purl.obolibrary.org/obo/BFO_0000020 http://purl.obolibrary.org/obo/BFO_0000030 http://purl.obolibrary.org/obo/BFO_0000040 http://purl.obolibrary.org/obo/BFO_0000051 http://purl.obolibrary.org/obo/IAO_0000039 http://purl.obolibrary.org/obo/OBI_0001931 http://purl.obolibrary.org/obo/OBI_0001933 http://purl.obolibrary.org/obo/OBI_0001937 http://purl.obolibrary.org/obo/RO_0000080 http://purl.obolibrary.org/obo/RO_0000086 https://w3id.org/pmd/co/PMD_0000000 https://w3id.org/pmd/co/PMD_0000068 https://w3id.org/pmd/co/PMD_0000077 https://w3id.org/pmd/co/PMD_0000597 https://w3id.org/pmd/co/PMD_0000639 https://w3id.org/pmd/co/PMD_0020026 https://w3id.org/pmd/co/PMD_0020096 https://w3id.org/pmd/co/PMD_0020133 https://w3id.org/pmd/co/PMD_0020140 https://w3id.org/pmd/co/PMD_0020170 https://w3id.org/pmd/co/PMD_0023000 https://w3id.org/pmd/co/PMD_0023043
pmdco-manufacturing-input-output	A manufacturing process with its input and outputs	pmdco	materialdigital.github.io	behavioral	manufacturing		Describes the primary inputs and outputs of a process. The cutting/cropping example consumes a strand and produces several slabs; the process follows a plan specification, and strand and slabs are modelled as temporal states of the same material via temporally qualified continuants.	What does this manufacturing process consume and what does it produce? Which plan specification does it follow? Are the input and the outputs states of the same underlying material? What length does each output have, and at which time?	http://purl.obolibrary.org/obo/BFO_0000004 http://purl.obolibrary.org/obo/BFO_0000030 http://purl.obolibrary.org/obo/BFO_0000038 http://purl.obolibrary.org/obo/BFO_0000055 http://purl.obolibrary.org/obo/BFO_0000108 http://purl.obolibrary.org/obo/BFO_0000202 http://purl.obolibrary.org/obo/IAO_0000033 http://purl.obolibrary.org/obo/IAO_0000104 http://purl.obolibrary.org/obo/OBI_0000293 http://purl.obolibrary.org/obo/OBI_0000295 http://purl.obolibrary.org/obo/OBI_0000299 http://purl.obolibrary.org/obo/RO_0000086 http://purl.obolibrary.org/obo/RO_0002233 http://purl.obolibrary.org/obo/RO_0002234 https://w3id.org/pmd/co/PMD_0000000 https://w3id.org/pmd/co/PMD_0000068 https://w3id.org/pmd/co/PMD_0000070 https://w3id.org/pmd/co/PMD_0000822 https://w3id.org/pmd/co/PMD_0000927 https://w3id.org/pmd/co/PMD_0020132 https://w3id.org/pmd/co/PMD_0020176 https://w3id.org/pmd/co/PMD_0040001
pmdco-measurement-and-setpoint	Measurement and setpoint	pmdco	materialdigital.github.io	observation	measurement		Represents different aspects of a measured or a required value of some material property. In the measurement case an assay takes an object as input and outputs a measurement datum whose measurand is linked to the quality via specifies value of. In the setpoint case a specification datum carries a target value and the quality concretizes that specification datum instead of being measured.	What was measured, by which assay, and what value came out? Which quality is a measurement datum about? What is the required or target value of a property, as opposed to the observed one? Which specification datum does a quality concretize, and which plan specification does the process realize?	http://purl.obolibrary.org/obo/BFO_0000004 http://purl.obolibrary.org/obo/BFO_0000017 http://purl.obolibrary.org/obo/BFO_0000019 http://purl.obolibrary.org/obo/BFO_0000020 http://purl.obolibrary.org/obo/BFO_0000023 http://purl.obolibrary.org/obo/BFO_0000030 http://purl.obolibrary.org/obo/BFO_0000040 http://purl.obolibrary.org/obo/BFO_0000055 http://purl.obolibrary.org/obo/COB_0000035 http://purl.obolibrary.org/obo/COB_0000082 http://purl.obolibrary.org/obo/IAO_0000027 http://purl.obolibrary.org/obo/IAO_0000030 http://purl.obolibrary.org/obo/IAO_0000033 http://purl.obolibrary.org/obo/IAO_0000039 http://purl.obolibrary.org/obo/IAO_0000104 http://purl.obolibrary.org/obo/IAO_0000109 http://purl.obolibrary.org/obo/IAO_0000136 http://purl.obolibrary.org/obo/IAO_0000221 http://purl.obolibrary.org/obo/IAO_0000419 http://purl.obolibrary.org/obo/OBI_0000067 http://purl.obolibrary.org/obo/OBI_0000070 http://purl.obolibrary.org/obo/OBI_0000260 http://purl.obolibrary.org/obo/OBI_0000293 http://purl.obolibrary.org/obo/OBI_0000299 http://purl.obolibrary.org/obo/OBI_0000417 http://purl.obolibrary.org/obo/OBI_0001927 http://purl.obolibrary.org/obo/OBI_0001931 http://purl.obolibrary.org/obo/OBI_0001933 http://purl.obolibrary.org/obo/OBI_0001937 http://purl.obolibrary.org/obo/OBI_0001938 http://purl.obolibrary.org/obo/RO_0000053 http://purl.obolibrary.org/obo/RO_0000058 http://purl.obolibrary.org/obo/RO_0000059 http://purl.obolibrary.org/obo/RO_0000086 http://purl.obolibrary.org/obo/RO_0000087 http://purl.obolibrary.org/obo/RO_0009006 https://w3id.org/pmd/co/PMD_0000004 https://w3id.org/pmd/co/PMD_0000638 https://w3id.org/pmd/co/PMD_0000773 https://w3id.org/pmd/co/PMD_0000789 https://w3id.org/pmd/co/PMD_0000849 https://w3id.org/pmd/co/PMD_0020176 https://w3id.org/pmd/co/PMD_0060009
pmdco-participant-object-states	Participant object states	pmdco	materialdigital.github.io	temporal	materials		Describes an entity's state at different points in time while the identity of the entity remains, using temporally qualified continuants. The example tracks a microstructure quality (segregation factor) before and after annealing.	What was the state of this object before and after the process? Which temporally qualified continuant is a state of which material entity? At which time does a given state exist, and which quality did the entity bear then?	http://purl.obolibrary.org/obo/BFO_0000003 http://purl.obolibrary.org/obo/BFO_0000004 http://purl.obolibrary.org/obo/BFO_0000008 http://purl.obolibrary.org/obo/BFO_0000019 http://purl.obolibrary.org/obo/BFO_0000020 http://purl.obolibrary.org/obo/BFO_0000030 http://purl.obolibrary.org/obo/BFO_0000063 http://purl.obolibrary.org/obo/BFO_0000108 http://purl.obolibrary.org/obo/RO_0000086 https://w3id.org/pmd/co/PMD_0000000 https://w3id.org/pmd/co/PMD_0000001 https://w3id.org/pmd/co/PMD_0000068 https://w3id.org/pmd/co/PMD_0000069 https://w3id.org/pmd/co/PMD_0000070 https://w3id.org/pmd/co/PMD_0000597 https://w3id.org/pmd/co/PMD_0000857 https://w3id.org/pmd/co/PMD_0020132 https://w3id.org/pmd/co/PMD_0020133 https://w3id.org/pmd/co/PMD_0020170 https://w3id.org/pmd/co/PMD_0023000 https://w3id.org/pmd/co/PMD_0023043 https://w3id.org/pmd/co/PMD_0040001
pmdco-process-subprocess-chain	A process with a chain of subprocesses	pmdco	materialdigital.github.io	behavioral	manufacturing		Represents processes consisting of simultaneous and serial subprocesses. The hot rolling example decomposes into heating, rolling pass and cooling as proper occurrent parts, ordered by precedes/starts with/ends with, with a specified input (ingot) and output (strand) and a plan that is realized.	Which subprocesses make up this process? Which subprocess starts it and which ends it? Which subprocesses run simultaneously and which precede which? What are the specified input and output of the overall process, and which plan does it realize?	http://purl.obolibrary.org/obo/BFO_0000003 http://purl.obolibrary.org/obo/BFO_0000015 http://purl.obolibrary.org/obo/BFO_0000017 http://purl.obolibrary.org/obo/BFO_0000030 http://purl.obolibrary.org/obo/BFO_0000040 http://purl.obolibrary.org/obo/BFO_0000055 http://purl.obolibrary.org/obo/BFO_0000063 http://purl.obolibrary.org/obo/BFO_0000117 http://purl.obolibrary.org/obo/BFO_0000118 http://purl.obolibrary.org/obo/IAO_0000030 http://purl.obolibrary.org/obo/IAO_0000033 http://purl.obolibrary.org/obo/OBI_0000260 http://purl.obolibrary.org/obo/OBI_0000293 http://purl.obolibrary.org/obo/OBI_0000299 http://purl.obolibrary.org/obo/RO_0000059 http://purl.obolibrary.org/obo/RO_0002082 http://purl.obolibrary.org/obo/RO_0002224 http://purl.obolibrary.org/obo/RO_0002230 https://w3id.org/pmd/co/PMD_0000004 https://w3id.org/pmd/co/PMD_0020170
pmdco-process-temporal-dimensions	Temporal dimensions of a process	pmdco	materialdigital.github.io	temporal	general		Specifies the temporal extent and the temporal boundaries of a process on the time axis. The annealing example gives the process an occupied temporal interval with explicit first and last instants, and names the participants (furnace, ingot).	Over which temporal interval did this process occur? When did it start and when did it end? Which objects participated in it?	http://purl.obolibrary.org/obo/BFO_0000003 http://purl.obolibrary.org/obo/BFO_0000008 http://purl.obolibrary.org/obo/BFO_0000015 http://purl.obolibrary.org/obo/BFO_0000030 http://purl.obolibrary.org/obo/BFO_0000038 http://purl.obolibrary.org/obo/BFO_0000040 http://purl.obolibrary.org/obo/BFO_0000108 http://purl.obolibrary.org/obo/BFO_0000148 http://purl.obolibrary.org/obo/BFO_0000199 http://purl.obolibrary.org/obo/BFO_0000202 http://purl.obolibrary.org/obo/BFO_0000203 http://purl.obolibrary.org/obo/BFO_0000222 http://purl.obolibrary.org/obo/BFO_0000224 http://purl.obolibrary.org/obo/RO_0000056 https://w3id.org/pmd/co/PMD_0020170
pmdco-relational-property	Relational property	pmdco	materialdigital.github.io	structural	materials		Relational qualities hold between two or more entities rather than inhering in one. The example is a mass proportion relating a portion of iron to a metal sheet with a magnitude of 97.7 mass-%, expressed through a fraction value specification.	Which quality holds between two entities rather than inhering in one? Which entities does a relational quality relate? What fraction value and unit express a mass proportion?	http://purl.obolibrary.org/obo/BFO_0000019 http://purl.obolibrary.org/obo/BFO_0000030 http://purl.obolibrary.org/obo/BFO_0000040 http://purl.obolibrary.org/obo/BFO_0000145 http://purl.obolibrary.org/obo/IAO_0000039 http://purl.obolibrary.org/obo/OBI_0001927 http://purl.obolibrary.org/obo/OBI_0001931 http://purl.obolibrary.org/obo/OBI_0001937 http://purl.obolibrary.org/obo/RO_0000086 http://purl.obolibrary.org/obo/UO_0000163 http://purl.obolibrary.org/obo/UO_1000163 https://w3id.org/pmd/co/PMD_0020026 https://w3id.org/pmd/co/PMD_0020102 https://w3id.org/pmd/co/PMD_0020140 https://w3id.org/pmd/co/PMD_0025997 https://w3id.org/pmd/co/PMD_0025999 https://w3id.org/pmd/co/PMD_0080069
pmdco-role-realization	Realization of a role	pmdco	materialdigital.github.io	conceptual	general		Represents characteristics of objects brought into existence by a specific situation, for example a role that is realized in a process. The example is an assay taking a material that bears the evaluant role as specified input and producing measurement data as output, where the assay measures a specific material characteristic.	Which role does this object bear, and in which process is that role realized? Which entity is the evaluant of an assay? Which characteristic does the assay measure, which datum does it output, and what is that datum about? Which planned objective does the process achieve?	http://purl.obolibrary.org/obo/BFO_0000023 http://purl.obolibrary.org/obo/BFO_0000030 http://purl.obolibrary.org/obo/BFO_0000054 http://purl.obolibrary.org/obo/BFO_0000055 http://purl.obolibrary.org/obo/COB_0000035 http://purl.obolibrary.org/obo/COB_0000082 http://purl.obolibrary.org/obo/IAO_0000005 http://purl.obolibrary.org/obo/IAO_0000027 http://purl.obolibrary.org/obo/IAO_0000030 http://purl.obolibrary.org/obo/IAO_0000033 http://purl.obolibrary.org/obo/IAO_0000109 http://purl.obolibrary.org/obo/IAO_0000136 http://purl.obolibrary.org/obo/OBI_0000067 http://purl.obolibrary.org/obo/OBI_0000070 http://purl.obolibrary.org/obo/OBI_0000293 http://purl.obolibrary.org/obo/OBI_0000299 http://purl.obolibrary.org/obo/OBI_0000417 http://purl.obolibrary.org/obo/OBI_0001933 http://purl.obolibrary.org/obo/OBI_0001938 http://purl.obolibrary.org/obo/RO_0000052 http://purl.obolibrary.org/obo/RO_0000087 http://purl.obolibrary.org/obo/RO_0009006 https://w3id.org/pmd/co/PMD_0000638 https://w3id.org/pmd/co/PMD_0000773 https://w3id.org/pmd/co/PMD_0000789 https://w3id.org/pmd/co/PMD_0000849 https://w3id.org/pmd/co/PMD_0020176
pmdco-scalar-value-specification	Scalar value specification	pmdco	materialdigital.github.io	information	measurement		Represents scalar physical quantities by combining a numerical value and a unit. A scalar value specification carries has specified numeric value plus a measurement unit label, and is attached to a specifically dependent continuant through specified by value. Units are drawn from UO or QUDT.	What is the numeric value of this quantity and in which unit is it expressed? Which quality or property does a given scalar value specification specify?	http://purl.obolibrary.org/obo/BFO_0000002 http://purl.obolibrary.org/obo/BFO_0000020 http://purl.obolibrary.org/obo/IAO_0000003 http://purl.obolibrary.org/obo/IAO_0000009 http://purl.obolibrary.org/obo/IAO_0000039 http://purl.obolibrary.org/obo/OBI_0001931 http://purl.obolibrary.org/obo/OBI_0001933 http://purl.obolibrary.org/obo/OBI_0001937 https://w3id.org/pmd/co/PMD_0000077
pmdco-simulation-input-output	Simulation with in- and output	pmdco	materialdigital.github.io	information	simulation		Models information content entities as the input and output of simulation processes. Because BFO roles inhere only in independent continuants, an ICE cannot bear a role directly; the pattern introduces input assignment and output assignment as dependent entities standing for the assignment of an ICE to a process. The example is a division process with numerator and denominator as ICE inputs and a quotient as output.	Which information content entities are the input and output of a simulation process? How is a digital datum assigned to a process when it cannot bear a role? Which assignment realizes which part of the simulation, and what numeric value does it carry?	http://purl.obolibrary.org/obo/BFO_0000031 http://purl.obolibrary.org/obo/BFO_0000050 http://purl.obolibrary.org/obo/BFO_0000055 http://purl.obolibrary.org/obo/IAO_0000030 http://purl.obolibrary.org/obo/OBI_0000295 http://purl.obolibrary.org/obo/OBI_0000312 http://purl.obolibrary.org/obo/OBI_0001937 http://purl.obolibrary.org/obo/RO_0000057 https://w3id.org/pmd/co/PMD_0000066 https://w3id.org/pmd/co/PMD_0000067 https://w3id.org/pmd/co/PMD_0000583 https://w3id.org/pmd/co/PMD_0000933
policy	Policy Pattern	odp	mklab.iti.gr	behavioral	biology		The pattern intends to model policies, their characteristics and their associated entities, such as processes and agents.	1. What are the main entities associated with a policy? A policy is usually associated with super/sub-policies, processes, agents and other entities. 2. What are the main attributes of a policy? They are version, language, policy type, requirement level, implementation status and automation status. 3. Where is a policy described? Statements are detailed text (formal or non- formal) definitions of the policy contents.	http://mklab.iti.gr/pericles/Policy_ODP#AutomationStatus http://mklab.iti.gr/pericles/Policy_ODP#Descriptor http://mklab.iti.gr/pericles/Policy_ODP#ImplementationStatus http://mklab.iti.gr/pericles/Policy_ODP#Language http://mklab.iti.gr/pericles/Policy_ODP#Policy http://mklab.iti.gr/pericles/Policy_ODP#PolicyType http://mklab.iti.gr/pericles/Policy_ODP#Process http://mklab.iti.gr/pericles/Policy_ODP#RequirementLevel http://mklab.iti.gr/pericles/Policy_ODP#Statement http://mklab.iti.gr/pericles/Policy_ODP#Version http://mklab.iti.gr/pericles/Policy_ODP#assignedTo http://mklab.iti.gr/pericles/Policy_ODP#hasAutomationStatus http://mklab.iti.gr/pericles/Policy_ODP#hasImplementationStatus http://mklab.iti.gr/pericles/Policy_ODP#hasLanguage http://mklab.iti.gr/pericles/Policy_ODP#hasPolicyType http://mklab.iti.gr/pericles/Policy_ODP#hasRequirementLevel http://mklab.iti.gr/pericles/Policy_ODP#hasStatement http://mklab.iti.gr/pericles/Policy_ODP#hasSubPolicy http://mklab.iti.gr/pericles/Policy_ODP#hasValidationProcess http://mklab.iti.gr/pericles/Policy_ODP#hasVersion http://mklab.iti.gr/pericles/Policy_ODP#implementedBy http://mklab.iti.gr/pericles/Policy_ODP#targetsEntity http://mklab.iti.gr/pericles/Policy_ODP#targetsUsers http://purl.org/dc/terms/Agent http://schema.org/CreativeWork http://schema.org/ImageObject http://schema.org/Person http://www.w3.org/2000/10/swap/pim/contact#Person http://www.w3.org/2003/01/geo/wgs84_pos#SpatialThing http://xmlns.com/foaf/0.1/Agent http://xmlns.com/foaf/0.1/Document http://xmlns.com/foaf/0.1/Group http://xmlns.com/foaf/0.1/Image http://xmlns.com/foaf/0.1/LabelProperty http://xmlns.com/foaf/0.1/OnlineAccount http://xmlns.com/foaf/0.1/OnlineChatAccount http://xmlns.com/foaf/0.1/OnlineEcommerceAccount http://xmlns.com/foaf/0.1/OnlineGamingAccount http://xmlns.com/foaf/0.1/Organization http://xmlns.com/foaf/0.1/Person http://xmlns.com/foaf/0.1/PersonalProfileDocument http://xmlns.com/foaf/0.1/Project http://xmlns.com/foaf/0.1/account http://xmlns.com/foaf/0.1/accountName http://xmlns.com/foaf/0.1/accountServiceHomepage http://xmlns.com/foaf/0.1/age http://xmlns.com/foaf/0.1/aimChatID http://xmlns.com/foaf/0.1/based_near http://xmlns.com/foaf/0.1/birthday http://xmlns.com/foaf/0.1/currentProject http://xmlns.com/foaf/0.1/depiction http://xmlns.com/foaf/0.1/depicts http://xmlns.com/foaf/0.1/dnaChecksum http://xmlns.com/foaf/0.1/familyName http://xmlns.com/foaf/0.1/family_name http://xmlns.com/foaf/0.1/firstName http://xmlns.com/foaf/0.1/focus http://xmlns.com/foaf/0.1/fundedBy http://xmlns.com/foaf/0.1/geekcode http://xmlns.com/foaf/0.1/gender http://xmlns.com/foaf/0.1/givenName http://xmlns.com/foaf/0.1/givenname http://xmlns.com/foaf/0.1/holdsAccount http://xmlns.com/foaf/0.1/homepage http://xmlns.com/foaf/0.1/icqChatID http://xmlns.com/foaf/0.1/img http://xmlns.com/foaf/0.1/interest http://xmlns.com/foaf/0.1/isPrimaryTopicOf http://xmlns.com/foaf/0.1/jabberID http://xmlns.com/foaf/0.1/knows http://xmlns.com/foaf/0.1/lastName http://xmlns.com/foaf/0.1/logo http://xmlns.com/foaf/0.1/made http://xmlns.com/foaf/0.1/maker http://xmlns.com/foaf/0.1/mbox http://xmlns.com/foaf/0.1/mbox_sha1sum http://xmlns.com/foaf/0.1/member http://xmlns.com/foaf/0.1/msnChatID http://xmlns.com/foaf/0.1/myersBriggs http://xmlns.com/foaf/0.1/name http://xmlns.com/foaf/0.1/nick http://xmlns.com/foaf/0.1/openid http://xmlns.com/foaf/0.1/page http://xmlns.com/foaf/0.1/pastProject http://xmlns.com/foaf/0.1/phone http://xmlns.com/foaf/0.1/plan http://xmlns.com/foaf/0.1/primaryTopic http://xmlns.com/foaf/0.1/publications http://xmlns.com/foaf/0.1/schoolHomepage http://xmlns.com/foaf/0.1/sha1 http://xmlns.com/foaf/0.1/skypeID http://xmlns.com/foaf/0.1/status http://xmlns.com/foaf/0.1/surname http://xmlns.com/foaf/0.1/theme http://xmlns.com/foaf/0.1/thumbnail http://xmlns.com/foaf/0.1/tipjar http://xmlns.com/foaf/0.1/title http://xmlns.com/foaf/0.1/topic http://xmlns.com/foaf/0.1/topic_interest http://xmlns.com/foaf/0.1/weblog http://xmlns.com/foaf/0.1/workInfoHomepage http://xmlns.com/foaf/0.1/workplaceHomepage http://xmlns.com/foaf/0.1/yahooChatID
price	Price Pattern	odp	ontologydesignpatterns.org	information	commerce		The price content ontology design pattern. This CP represents the price of an entity in a certain currency.		http://www.ontologydesignpatterns.org/cp/owl/price.owl#Currency http://www.ontologydesignpatterns.org/cp/owl/price.owl#Price http://www.ontologydesignpatterns.org/cp/owl/price.owl#hasCurrency http://www.ontologydesignpatterns.org/cp/owl/price.owl#hasPrice http://www.ontologydesignpatterns.org/cp/owl/price.owl#hasValue http://www.ontologydesignpatterns.org/cp/owl/price.owl#isPriceOf
recurrenteventseries	Recurrenteventseries Pattern	odp	ontologydesignpatterns.org	structural	music		To represent recurrent event series as situations and collections of consecutive events, with a regular time period between events and unifying factors.	What are the events of a recurrent event series?, Which is the time period elapsing between two events of a recurrent event series?, When is the next event of a recurrent event series scheduled?, What are the unifying criteria shared by all the events in a recurrent event series?, Which is the (immediate) next event in a recurrent event series?, Which is the (immediate) previous event in a recurrent event series?	http://www.ontologydesignpatterns.org/cp/owl/recurrenteventseries.owl#Event http://www.ontologydesignpatterns.org/cp/owl/recurrenteventseries.owl#RecurrentEventSeries http://www.ontologydesignpatterns.org/cp/owl/recurrenteventseries.owl#TimePeriod http://www.ontologydesignpatterns.org/cp/owl/recurrenteventseries.owl#UnifyingFactor http://www.ontologydesignpatterns.org/cp/owl/recurrenteventseries.owl#eventNumber http://www.ontologydesignpatterns.org/cp/owl/recurrenteventseries.owl#hasImmediateNextEvent http://www.ontologydesignpatterns.org/cp/owl/recurrenteventseries.owl#hasImmediatePreviousEvent http://www.ontologydesignpatterns.org/cp/owl/recurrenteventseries.owl#hasMemberEvent http://www.ontologydesignpatterns.org/cp/owl/recurrenteventseries.owl#hasNextEvent http://www.ontologydesignpatterns.org/cp/owl/recurrenteventseries.owl#hasPreviousEvent http://www.ontologydesignpatterns.org/cp/owl/recurrenteventseries.owl#hasTimePeriod http://www.ontologydesignpatterns.org/cp/owl/recurrenteventseries.owl#hasTimePeriodBeforeNextEvent http://www.ontologydesignpatterns.org/cp/owl/recurrenteventseries.owl#hasUnifyingFactor http://www.ontologydesignpatterns.org/cp/owl/recurrenteventseries.owl#isEventMemberOf http://www.ontologydesignpatterns.org/cp/owl/recurrenteventseries.owl#isLocallyInconsistentWith http://www.ontologydesignpatterns.org/cp/owl/recurrenteventseries.owl#isTheLastEvent http://www.ontologydesignpatterns.org/cp/owl/recurrenteventseries.owl#isTimePeriodBeforeNextEventOf http://www.ontologydesignpatterns.org/cp/owl/recurrenteventseries.owl#isTimePeriodOf http://www.ontologydesignpatterns.org/cp/owl/recurrenteventseries.owl#isUnifyingFactorOf http://www.ontologydesignpatterns.org/ont/d0.owl#Eventuality http://www.ontologydesignpatterns.org/ont/dul/DUL.owl#Collection http://www.ontologydesignpatterns.org/ont/dul/DUL.owl#Concept http://www.ontologydesignpatterns.org/ont/dul/DUL.owl#Situation http://www.ontologydesignpatterns.org/ont/dul/DUL.owl#follows http://www.ontologydesignpatterns.org/ont/dul/DUL.owl#hasMember http://www.ontologydesignpatterns.org/ont/dul/DUL.owl#isMemberOf http://www.ontologydesignpatterns.org/ont/dul/DUL.owl#precedes
recurrentsituationseries	Recurrentsituationseries Pattern	odp	ontologydesignpatterns.org	structural	music		To represent recurrent situation series as situations and collections of consecutive situations, with a regular time period between situations and unifying factors.	What are the situations of a recurrent situation series?, Which is the time period elapsing between two situations of a recurrent situation series?, When is the next situation of a recurrent situation series scheduled?, What are the unifying criteria shared by all the situations in a recurrent situation series?, Which are the unifying situations shared by a (subset of) the situations member of a recurrent situation series?, When is a unifying situation valid?, Which is the (immediate) next situation in a recurrent situation series?, Which is the (immediate) previous situation in a recurrent situation series?	http://www.ontologydesignpatterns.org/cp/owl/recurrentsituationseries.owl#RecurrentSituationSeries http://www.ontologydesignpatterns.org/cp/owl/recurrentsituationseries.owl#Situation http://www.ontologydesignpatterns.org/cp/owl/recurrentsituationseries.owl#TimePeriod http://www.ontologydesignpatterns.org/cp/owl/recurrentsituationseries.owl#UnifyingSituation http://www.ontologydesignpatterns.org/cp/owl/recurrentsituationseries.owl#hasEstimatedTimePeriod http://www.ontologydesignpatterns.org/cp/owl/recurrentsituationseries.owl#hasImmediateNextSituation http://www.ontologydesignpatterns.org/cp/owl/recurrentsituationseries.owl#hasImmediatePreviousSituation http://www.ontologydesignpatterns.org/cp/owl/recurrentsituationseries.owl#hasMeasuredTimePeriod http://www.ontologydesignpatterns.org/cp/owl/recurrentsituationseries.owl#hasMemberSituation http://www.ontologydesignpatterns.org/cp/owl/recurrentsituationseries.owl#hasNextSituation http://www.ontologydesignpatterns.org/cp/owl/recurrentsituationseries.owl#hasPreviousSituation http://www.ontologydesignpatterns.org/cp/owl/recurrentsituationseries.owl#hasTimePeriod http://www.ontologydesignpatterns.org/cp/owl/recurrentsituationseries.owl#hasTimePeriodBeforeNextSituation http://www.ontologydesignpatterns.org/cp/owl/recurrentsituationseries.owl#hasUnifyingFactor http://www.ontologydesignpatterns.org/cp/owl/recurrentsituationseries.owl#hasUnifyingSituation http://www.ontologydesignpatterns.org/cp/owl/recurrentsituationseries.owl#involvesUnifyingFactor http://www.ontologydesignpatterns.org/cp/owl/recurrentsituationseries.owl#isEstimatedTimePeriodOf http://www.ontologydesignpatterns.org/cp/owl/recurrentsituationseries.owl#isInvolvedInUnifyingSituation http://www.ontologydesignpatterns.org/cp/owl/recurrentsituationseries.owl#isLocallyInconsistentWith http://www.ontologydesignpatterns.org/cp/owl/recurrentsituationseries.owl#isMeasuredTimePeriodOf http://www.ontologydesignpatterns.org/cp/owl/recurrentsituationseries.owl#isSituationMemberOf http://www.ontologydesignpatterns.org/cp/owl/recurrentsituationseries.owl#isTheLastSituation http://www.ontologydesignpatterns.org/cp/owl/recurrentsituationseries.owl#isTimePeriodBeforeNextSituationOf http://www.ontologydesignpatterns.org/cp/owl/recurrentsituationseries.owl#isTimePeriodOf http://www.ontologydesignpatterns.org/cp/owl/recurrentsituationseries.owl#isUnifyingFactorOf http://www.ontologydesignpatterns.org/cp/owl/recurrentsituationseries.owl#isUnifyingSituationOf http://www.ontologydesignpatterns.org/cp/owl/recurrentsituationseries.owl#isValidIn http://www.ontologydesignpatterns.org/cp/owl/recurrentsituationseries.owl#situationNumber http://www.ontologydesignpatterns.org/ont/d0.owl#Eventuality http://www.ontologydesignpatterns.org/ont/dul/DUL.owl#Collection http://www.ontologydesignpatterns.org/ont/dul/DUL.owl#Concept http://www.ontologydesignpatterns.org/ont/dul/DUL.owl#Description http://www.ontologydesignpatterns.org/ont/dul/DUL.owl#TimeInterval http://www.ontologydesignpatterns.org/ont/dul/DUL.owl#classifies http://www.ontologydesignpatterns.org/ont/dul/DUL.owl#follows http://www.ontologydesignpatterns.org/ont/dul/DUL.owl#hasMember http://www.ontologydesignpatterns.org/ont/dul/DUL.owl#isClassifiedBy http://www.ontologydesignpatterns.org/ont/dul/DUL.owl#isMemberOf http://www.ontologydesignpatterns.org/ont/dul/DUL.owl#precedes http://www.ontologydesignpatterns.org/ont/dul/DUL.owl#satisfies
region	Region Pattern	odp	ontologydesignpatterns.org	structural	general		To represent and reason on values of attributes of things, by explicitly talking about the dimensions ("regions") of the attributes, which include those values.	What is the value for the attribute of that entity?,Which entities have a certain value on that parameter/attribute/feature?	http://www.ontologydesignpatterns.org/cp/owl/region.owl#Region http://www.ontologydesignpatterns.org/cp/owl/region.owl#hasRegion http://www.ontologydesignpatterns.org/cp/owl/region.owl#hasRegionDataValue http://www.ontologydesignpatterns.org/cp/owl/region.owl#isRegionFor
reportingevent	Reportingevent Pattern	odp	semantic.cs.put.poznan.pl	structural	media		The intent of the pattern is to allow for modelling situations in which the knowledge about an event cannot be treated as certain. It is particularly useful for cases in which two or more agents provide different, contradictory information about the same event. It can be also used for modelling situation in which a single agent provided contradictory information about the same event in different points in time. In general the pattern allows for stating different circumstances of an act of the information provision.	Pattern was designed to allow a completed ontology to answer the following questions: - What characteristics (date/participants/cause etc.) is an actual event said to have? - Which agent made a statement about an actual event? - On which sources these statements were based? - What were circumstances of providing information about an actual event?	http://semantic.cs.put.poznan.pl/ontologies/reportingevent.owl#ActualEvent http://semantic.cs.put.poznan.pl/ontologies/reportingevent.owl#ActualEventView http://semantic.cs.put.poznan.pl/ontologies/reportingevent.owl#ActualEventViewContext http://semantic.cs.put.poznan.pl/ontologies/reportingevent.owl#EventReporter http://semantic.cs.put.poznan.pl/ontologies/reportingevent.owl#ReportingEvent http://semantic.cs.put.poznan.pl/ontologies/reportingevent.owl#Source http://semantic.cs.put.poznan.pl/ontologies/reportingevent.owl#SourceActivity http://semantic.cs.put.poznan.pl/ontologies/reportingevent.owl#SourceObject http://semantic.cs.put.poznan.pl/ontologies/reportingevent.owl#hasAuthor http://semantic.cs.put.poznan.pl/ontologies/reportingevent.owl#hasContext http://semantic.cs.put.poznan.pl/ontologies/reportingevent.owl#isBasedOn http://semantic.cs.put.poznan.pl/ontologies/reportingevent.owl#isBasedOnSourceActivity http://semantic.cs.put.poznan.pl/ontologies/reportingevent.owl#isBasedOnSourceObject http://semantic.cs.put.poznan.pl/ontologies/reportingevent.owl#reports http://www.ontologydesignpatterns.org/cp/owl/intensionextension.owl#InformationObject http://www.ontologydesignpatterns.org/cp/owl/intensionextension.owl#SocialObject http://www.ontologydesignpatterns.org/cp/owl/intensionextension.owl#expresses http://www.ontologydesignpatterns.org/cp/owl/intensionextension.owl#isAbout http://www.ontologydesignpatterns.org/cp/owl/intensionextension.owl#isExpressedBy http://www.ontologydesignpatterns.org/cp/owl/intensionextension.owl#isReferenceOf http://www.ontologydesignpatterns.org/cp/owl/situation.owl#Situation http://www.ontologydesignpatterns.org/cp/owl/situation.owl#hasSetting http://www.ontologydesignpatterns.org/cp/owl/situation.owl#isSettingFor http://www.ontologydesignpatterns.org/cp/owl/typesofentities.owl#Abstract http://www.ontologydesignpatterns.org/cp/owl/typesofentities.owl#Entity http://www.ontologydesignpatterns.org/cp/owl/typesofentities.owl#Event http://www.ontologydesignpatterns.org/cp/owl/typesofentities.owl#Object http://www.ontologydesignpatterns.org/cp/owl/typesofentities.owl#Quality http://www.w3.org/ns/prov#Activity http://www.w3.org/ns/prov#ActivityInfluence http://www.w3.org/ns/prov#Agent http://www.w3.org/ns/prov#AgentInfluence http://www.w3.org/ns/prov#Association http://www.w3.org/ns/prov#Attribution http://www.w3.org/ns/prov#Bundle http://www.w3.org/ns/prov#Collection http://www.w3.org/ns/prov#Communication http://www.w3.org/ns/prov#Delegation http://www.w3.org/ns/prov#Derivation http://www.w3.org/ns/prov#EmptyCollection http://www.w3.org/ns/prov#End http://www.w3.org/ns/prov#Entity http://www.w3.org/ns/prov#EntityInfluence http://www.w3.org/ns/prov#Generation http://www.w3.org/ns/prov#Influence http://www.w3.org/ns/prov#InstantaneousEvent http://www.w3.org/ns/prov#Invalidation http://www.w3.org/ns/prov#Location http://www.w3.org/ns/prov#Organization http://www.w3.org/ns/prov#Person http://www.w3.org/ns/prov#Plan http://www.w3.org/ns/prov#PrimarySource http://www.w3.org/ns/prov#Quotation http://www.w3.org/ns/prov#Revision http://www.w3.org/ns/prov#Role http://www.w3.org/ns/prov#SoftwareAgent http://www.w3.org/ns/prov#Start http://www.w3.org/ns/prov#Usage http://www.w3.org/ns/prov#actedOnBehalfOf http://www.w3.org/ns/prov#activity http://www.w3.org/ns/prov#agent http://www.w3.org/ns/prov#alternateOf http://www.w3.org/ns/prov#atLocation http://www.w3.org/ns/prov#atTime http://www.w3.org/ns/prov#endedAtTime http://www.w3.org/ns/prov#entity http://www.w3.org/ns/prov#generated http://www.w3.org/ns/prov#generatedAtTime http://www.w3.org/ns/prov#hadActivity http://www.w3.org/ns/prov#hadGeneration http://www.w3.org/ns/prov#hadMember http://www.w3.org/ns/prov#hadPlan http://www.w3.org/ns/prov#hadPrimarySource http://www.w3.org/ns/prov#hadRole http://www.w3.org/ns/prov#hadUsage http://www.w3.org/ns/prov#influenced http://www.w3.org/ns/prov#influencer http://www.w3.org/ns/prov#invalidated http://www.w3.org/ns/prov#invalidatedAtTime http://www.w3.org/ns/prov#qualifiedAssociation http://www.w3.org/ns/prov#qualifiedAttribution http://www.w3.org/ns/prov#qualifiedCommunication http://www.w3.org/ns/prov#qualifiedDelegation http://www.w3.org/ns/prov#qualifiedDerivation http://www.w3.org/ns/prov#qualifiedEnd http://www.w3.org/ns/prov#qualifiedGeneration http://www.w3.org/ns/prov#qualifiedInfluence http://www.w3.org/ns/prov#qualifiedInvalidation http://www.w3.org/ns/prov#qualifiedPrimarySource http://www.w3.org/ns/prov#qualifiedQuotation http://www.w3.org/ns/prov#qualifiedRevision http://www.w3.org/ns/prov#qualifiedStart http://www.w3.org/ns/prov#qualifiedUsage http://www.w3.org/ns/prov#specializationOf http://www.w3.org/ns/prov#startedAtTime http://www.w3.org/ns/prov#used http://www.w3.org/ns/prov#value http://www.w3.org/ns/prov#wasAssociatedWith http://www.w3.org/ns/prov#wasAttributedTo http://www.w3.org/ns/prov#wasDerivedFrom http://www.w3.org/ns/prov#wasEndedBy http://www.w3.org/ns/prov#wasGeneratedBy http://www.w3.org/ns/prov#wasInfluencedBy http://www.w3.org/ns/prov#wasInformedBy http://www.w3.org/ns/prov#wasInvalidatedBy http://www.w3.org/ns/prov#wasQuotedFrom http://www.w3.org/ns/prov#wasRevisionOf http://www.w3.org/ns/prov#wasStartedBy
reportingnewsevent	Reportingnewsevent Pattern	odp	semantic.cs.put.poznan.pl	structural	media	newsreportingevent	The pattern can be used for modelling situations in which we are not certain that a particular actual event has the properties which were described in a news message. We want to define the properties of an actual event which were reported (time, place, actors, subevents, cause, effect etc.), but not to treat them as universal, verified knowledge. The pattern also allows to define who is responsible for a particular description of an event and how this description is dealt with.	In addition to the competency questions defined for pattern ReportingEvent (http:/ontologydesignpatterns.org/wiki/Submissions:ReportingEvent) the pattern allows to answer the following questions: - What aspects of an actual event were presented in the news message? - Who reported an actual event? Which news provider they represented? - When was a certain actual event reported for the first time? - What actual events are presented in a certain medium/by media of a certain news provider? - How was an actual event presented?	http://semantic.cs.put.poznan.pl/ontologies/newsreportingevent.owl#Media http://semantic.cs.put.poznan.pl/ontologies/newsreportingevent.owl#NewsEventReporter http://semantic.cs.put.poznan.pl/ontologies/newsreportingevent.owl#NewsPresentationContext http://semantic.cs.put.poznan.pl/ontologies/newsreportingevent.owl#NewsProvider http://semantic.cs.put.poznan.pl/ontologies/newsreportingevent.owl#NewsReportingEvent http://semantic.cs.put.poznan.pl/ontologies/newsreportingevent.owl#PresentationContext http://semantic.cs.put.poznan.pl/ontologies/newsreportingevent.owl#hasPresentationContext http://semantic.cs.put.poznan.pl/ontologies/newsreportingevent.owl#owns http://semantic.cs.put.poznan.pl/ontologies/newsreportingevent.owl#presentedAt http://semantic.cs.put.poznan.pl/ontologies/reportingevent.owl#EventReporter http://semantic.cs.put.poznan.pl/ontologies/reportingevent.owl#ReportingEvent http://semantic.cs.put.poznan.pl/ontologies/reportingevent.owl#hasAuthor http://semantic.cs.put.poznan.pl/ontologies/reportingevent.owl#reports http://www.ontologydesignpatterns.org/cp/owl/actingfor.owl#Agent http://www.ontologydesignpatterns.org/cp/owl/actingfor.owl#SocialAgent http://www.ontologydesignpatterns.org/cp/owl/actingfor.owl#actsFor http://www.ontologydesignpatterns.org/cp/owl/actingfor.owl#actsThrough http://www.ontologydesignpatterns.org/cp/owl/situation.owl#Situation http://www.ontologydesignpatterns.org/cp/owl/situation.owl#hasSetting http://www.ontologydesignpatterns.org/cp/owl/situation.owl#isSettingFor http://www.ontologydesignpatterns.org/cp/owl/timeindexedsituation.owl#TimeIndexedSituation http://www.ontologydesignpatterns.org/cp/owl/timeindexedsituation.owl#atTime http://www.ontologydesignpatterns.org/cp/owl/timeindexedsituation.owl#forEntity http://www.ontologydesignpatterns.org/cp/owl/timeindexedsituation.owl#hasTimeIndexedSetting http://www.ontologydesignpatterns.org/cp/owl/timeindexedsituation.owl#isTimeIndexFor http://www.ontologydesignpatterns.org/cp/owl/timeinterval.owl#TimeInterval http://www.ontologydesignpatterns.org/cp/owl/timeinterval.owl#hasIntervalDate http://www.ontologydesignpatterns.org/cp/owl/timeinterval.owl#hasIntervalEndDate http://www.ontologydesignpatterns.org/cp/owl/timeinterval.owl#hasIntervalStartDate http://www.ontologydesignpatterns.org/cp/owl/typesofentities.owl#Entity http://www.ontologydesignpatterns.org/cp/owl/typesofentities.owl#Object
resourceabundanceobservation	Resourceabundanceobservation Pattern	odp	ontologydesignpatterns.org	conceptual	biology		The intent of the pattern is to be able to represent observations of aquatic resources, where the observations have been made a certain year and has certain other parameters.	What resource is observed? For what year and at what abundance level?	http://www.ontologydesignpatterns.org/cp/owl/fsdas/aquaticresources.owl#AquaticResource http://www.ontologydesignpatterns.org/cp/owl/fsdas/aquaticresources.owl#AquaticSpecies http://www.ontologydesignpatterns.org/cp/owl/fsdas/aquaticresources.owl#WaterArea http://www.ontologydesignpatterns.org/cp/owl/fsdas/aquaticresources.owl#canOccurIn http://www.ontologydesignpatterns.org/cp/owl/fsdas/aquaticresources.owl#hasSpecies http://www.ontologydesignpatterns.org/cp/owl/fsdas/aquaticresources.owl#isAreaOfOccurrenceOf http://www.ontologydesignpatterns.org/cp/owl/fsdas/aquaticresources.owl#isSpeciesPresentIn http://www.ontologydesignpatterns.org/cp/owl/fsdas/resourceabundanceobservation.owl#AbundanceLevel http://www.ontologydesignpatterns.org/cp/owl/fsdas/resourceabundanceobservation.owl#ResourceAbundanceObservation http://www.ontologydesignpatterns.org/cp/owl/fsdas/resourceabundanceobservation.owl#hasAbundanceLevel http://www.ontologydesignpatterns.org/cp/owl/fsdas/resourceabundanceobservation.owl#hasReferenceYear http://www.ontologydesignpatterns.org/cp/owl/fsdas/resourceabundanceobservation.owl#hasResource http://www.ontologydesignpatterns.org/cp/owl/fsdas/resourceabundanceobservation.owl#isAbundanceLevelOf http://www.ontologydesignpatterns.org/cp/owl/fsdas/resourceabundanceobservation.owl#isResourceOf http://www.ontologydesignpatterns.org/cp/owl/observation.owl#Observation http://www.ontologydesignpatterns.org/cp/owl/observation.owl#Parameter http://www.ontologydesignpatterns.org/cp/owl/observation.owl#hasObservation http://www.ontologydesignpatterns.org/cp/owl/observation.owl#hasParameter http://www.ontologydesignpatterns.org/cp/owl/observation.owl#inDate http://www.ontologydesignpatterns.org/cp/owl/observation.owl#isObservationOf http://www.ontologydesignpatterns.org/cp/owl/observation.owl#isParameterOf http://www.ontologydesignpatterns.org/cp/owl/situation.owl#Situation http://www.ontologydesignpatterns.org/cp/owl/situation.owl#hasSetting http://www.ontologydesignpatterns.org/cp/owl/situation.owl#isSettingFor
resourceexploitationobservation	Resourceexploitationobservation Pattern	odp	ontologydesignpatterns.org	conceptual	biology		The intent of the pattern is to be able to represent observations of aquatic resources, where the observations have been made a certain year and has certain other parameters.	What resource is observed? For what year and at what exploitation rate and exploitation state?	http://www.ontologydesignpatterns.org/cp/owl/fsdas/aquaticresources.owl#AquaticResource http://www.ontologydesignpatterns.org/cp/owl/fsdas/aquaticresources.owl#AquaticSpecies http://www.ontologydesignpatterns.org/cp/owl/fsdas/aquaticresources.owl#WaterArea http://www.ontologydesignpatterns.org/cp/owl/fsdas/aquaticresources.owl#canOccurIn http://www.ontologydesignpatterns.org/cp/owl/fsdas/aquaticresources.owl#hasSpecies http://www.ontologydesignpatterns.org/cp/owl/fsdas/aquaticresources.owl#isAreaOfOccurrenceOf http://www.ontologydesignpatterns.org/cp/owl/fsdas/aquaticresources.owl#isSpeciesPresentIn http://www.ontologydesignpatterns.org/cp/owl/fsdas/resourceexploitationobservation.owl#ExploitationRate http://www.ontologydesignpatterns.org/cp/owl/fsdas/resourceexploitationobservation.owl#ExploitationState http://www.ontologydesignpatterns.org/cp/owl/fsdas/resourceexploitationobservation.owl#ResourceExploitationObservation http://www.ontologydesignpatterns.org/cp/owl/fsdas/resourceexploitationobservation.owl#hasExploitationRate http://www.ontologydesignpatterns.org/cp/owl/fsdas/resourceexploitationobservation.owl#hasExploitationState http://www.ontologydesignpatterns.org/cp/owl/fsdas/resourceexploitationobservation.owl#hasReferenceYear http://www.ontologydesignpatterns.org/cp/owl/fsdas/resourceexploitationobservation.owl#hasResource http://www.ontologydesignpatterns.org/cp/owl/fsdas/resourceexploitationobservation.owl#isExploitationRateOf http://www.ontologydesignpatterns.org/cp/owl/fsdas/resourceexploitationobservation.owl#isExploitationStateOf http://www.ontologydesignpatterns.org/cp/owl/fsdas/resourceexploitationobservation.owl#isResourceOf http://www.ontologydesignpatterns.org/cp/owl/observation.owl#Observation http://www.ontologydesignpatterns.org/cp/owl/observation.owl#Parameter http://www.ontologydesignpatterns.org/cp/owl/observation.owl#hasObservation http://www.ontologydesignpatterns.org/cp/owl/observation.owl#hasParameter http://www.ontologydesignpatterns.org/cp/owl/observation.owl#inDate http://www.ontologydesignpatterns.org/cp/owl/observation.owl#isObservationOf http://www.ontologydesignpatterns.org/cp/owl/observation.owl#isParameterOf http://www.ontologydesignpatterns.org/cp/owl/situation.owl#Situation http://www.ontologydesignpatterns.org/cp/owl/situation.owl#hasSetting http://www.ontologydesignpatterns.org/cp/owl/situation.owl#isSettingFor
role-task	Role Task Pattern	odp	ontologydesignpatterns.org	behavioral	general		To represent the assignment of tasks to roles	What roles are this task of?, What tasks do have this role?	http://www.ontologydesignpatterns.org/cp/owl/taskrole.owl#Role http://www.ontologydesignpatterns.org/cp/owl/taskrole.owl#Task http://www.ontologydesignpatterns.org/cp/owl/taskrole.owl#hasTask http://www.ontologydesignpatterns.org/cp/owl/taskrole.owl#isTaskOf
roledependentnames	Roledependentnames Pattern	odp	kastle-labl.org	structural	general		An ontology design pattern for modeling Names as part of Roles, to capture scenarios where an Agent performs different Roles using different Names associated with the different Roles. Examples of an Agent performing a Role using different Names are rather ubiq- uitous, e.g., authors...		https://kastle-labl.org/lod/ontology/Agent https://kastle-labl.org/lod/ontology/AgentRole https://kastle-labl.org/lod/ontology/Name https://kastle-labl.org/lod/ontology/assumesAgentRole https://kastle-labl.org/lod/ontology/hasName https://kastle-labl.org/lod/ontology/hasNameAsString https://kastle-labl.org/lod/ontology/hasRoleUnderName https://kastle-labl.org/lod/ontology/providesAgentRole https://kastle-labl.org/lod/ontology/xsd:string
rtmsmapping	Rtmsmapping Pattern	odp	ontologydesignpatterns.org	information	general		to represent mappings between FSDAS application ontology network, and RTMS ontologies		http://www.ontologydesignpatterns.org/cp/owl/fsdas/rtmsmapping.owl#RTMS_Code http://www.ontologydesignpatterns.org/cp/owl/fsdas/rtmsmapping.owl#hasRTMS_Code
scorepart	Scorepart Pattern	odp	purl.org	structural	music		This content ODP formalises the structure and the hierarchies of a music score/symbolic representation system.	What is the instrument playing a specific score part?, How many voices does the score part have?, Which are the metrics defining the sections of the score part?	https://purl.org/andreapoltronieri/scorepart/HomogeneousFragment https://purl.org/andreapoltronieri/scorepart/Instrument https://purl.org/andreapoltronieri/scorepart/Part https://purl.org/andreapoltronieri/scorepart/Section https://purl.org/andreapoltronieri/scorepart/Voice https://purl.org/andreapoltronieri/scorepart/hasClef https://purl.org/andreapoltronieri/scorepart/hasFragment https://purl.org/andreapoltronieri/scorepart/hasMetric https://purl.org/andreapoltronieri/scorepart/hasMidiProgram https://purl.org/andreapoltronieri/scorepart/hasSection https://purl.org/andreapoltronieri/scorepart/hasStaff https://purl.org/andreapoltronieri/scorepart/hasTempo https://purl.org/andreapoltronieri/scorepart/hasVoice https://purl.org/andreapoltronieri/scorepart/isFragmentOf https://purl.org/andreapoltronieri/scorepart/isPlayedBy https://purl.org/andreapoltronieri/scorepart/isSectionOf https://purl.org/andreapoltronieri/scorepart/isVoiceOf https://purl.org/andreapoltronieri/scorepart/playsPart
sequence	Sequence Pattern	odp	ontologydesignpatterns.org	structural	general		Represents an ordered sequence of entities where each element follows another.	What follows this entity in the sequence? What precedes this entity?	http://www.ontologydesignpatterns.org/cp/owl/sequence.owl#Entity http://www.ontologydesignpatterns.org/cp/owl/sequence.owl#directlyFollows http://www.ontologydesignpatterns.org/cp/owl/sequence.owl#directlyPrecedes http://www.ontologydesignpatterns.org/cp/owl/sequence.owl#follows http://www.ontologydesignpatterns.org/cp/owl/sequence.owl#precedes
set	Set Pattern	odp	ontologydesignpatterns.org	structural	general		To model sets of things (elements). A Set is a collection that cannot contain duplicate elements.	What is the cardinality (size) of this set?; What are the elements in this set?	http://www.ontologydesignpatterns.org/cp/owl/collectionentity.owl#Collection http://www.ontologydesignpatterns.org/cp/owl/collectionentity.owl#hasMember http://www.ontologydesignpatterns.org/cp/owl/collectionentity.owl#isMemberOf http://www.ontologydesignpatterns.org/cp/owl/set.owl#Set http://www.ontologydesignpatterns.org/cp/owl/set.owl#size
simpleoraggregated	Simpleoraggregated Pattern	odp	delicias.dia.fi.upm.es	structural	general		The goal of this pattern is to represent objects that can be simple or aggregated (that is, several objects gathered in another object acting as a whole). The main difference between the aggregation relation and other mereological relationships (such as part of or composition) is that the aggregated object and its aggregated members should belong to the same concept. For example, a turbine is part of an engine, whereas an aggregated provider is formed by providers.	What is this object aggregated member of?; What elements are aggregated members of this object?	http://delicias.dia.fi.upm.es/ontologies/SimpleOrAggregated.owl#AggregatedObject http://delicias.dia.fi.upm.es/ontologies/SimpleOrAggregated.owl#Object http://delicias.dia.fi.upm.es/ontologies/SimpleOrAggregated.owl#ObjectByCardinality http://delicias.dia.fi.upm.es/ontologies/SimpleOrAggregated.owl#SimpleObject http://delicias.dia.fi.upm.es/ontologies/SimpleOrAggregated.owl#hasAggregatedMember http://delicias.dia.fi.upm.es/ontologies/SimpleOrAggregated.owl#hasDirectAggregatedMember http://delicias.dia.fi.upm.es/ontologies/SimpleOrAggregated.owl#isAggregatedMemberOf http://delicias.dia.fi.upm.es/ontologies/SimpleOrAggregated.owl#isDirectAggregatedMemberOf
simpletopic	Simpletopic Pattern	odp	ontologydesignpatterns.org	conceptual	general		To represent topics and their relations.	What is the topic of something?, What topics are included in this one?, What are the topics near to that one?	http://www.ontologydesignpatterns.org/cp/owl/partof.owl#hasPart http://www.ontologydesignpatterns.org/cp/owl/partof.owl#isPartOf http://www.ontologydesignpatterns.org/cp/owl/topic.owl#Concept http://www.ontologydesignpatterns.org/cp/owl/topic.owl#Topic http://www.ontologydesignpatterns.org/cp/owl/topic.owl#farTopicFrom http://www.ontologydesignpatterns.org/cp/owl/topic.owl#hasCoreConcept http://www.ontologydesignpatterns.org/cp/owl/topic.owl#hasSubTopic http://www.ontologydesignpatterns.org/cp/owl/topic.owl#hasTopic http://www.ontologydesignpatterns.org/cp/owl/topic.owl#isCoreConceptFor http://www.ontologydesignpatterns.org/cp/owl/topic.owl#isSubTopicOf http://www.ontologydesignpatterns.org/cp/owl/topic.owl#isTopicOf http://www.ontologydesignpatterns.org/cp/owl/topic.owl#nearTopicTo http://www.ontologydesignpatterns.org/cp/owl/topic.owl#overlappingTopic
situation	Situation Pattern	odp	ontologydesignpatterns.org	behavioral	general		Represents a relational context (situation) that includes entities playing roles. A situation is a unified view of a state of affairs.	What is the context of this entity? What entities are involved in this situation?	http://www.ontologydesignpatterns.org/cp/owl/situation.owl#Entity http://www.ontologydesignpatterns.org/cp/owl/situation.owl#Situation http://www.ontologydesignpatterns.org/cp/owl/situation.owl#hasSetting http://www.ontologydesignpatterns.org/cp/owl/situation.owl#isSettingFor
smarthome	Smarthome Pattern	odp	w3id.org	temporal	iot		The SmartEnv as a network of 8 ontology patterns relies on the SSN ontology and represents a smart environment. Each pattern model one aspect of such environments including temporal, spatial, objects, network, observation etc. The patterns are:https://w3id.org/smartenvironment/patterns/time.owlhttps://w3id.org/smartenvironment/p...	What are the spatial relations among objects or sections in a smart environment?	http://observedchange.com/tisc/ns#here http://observedchange.com/tisc/ns#insideOf http://observedchange.com/tisc/ns#leftOf http://observedchange.com/tisc/ns#locatedAt http://observedchange.com/tisc/ns#near http://observedchange.com/tisc/ns#nearest http://observedchange.com/tisc/ns#next http://observedchange.com/tisc/ns#nextTo http://observedchange.com/tisc/ns#northEastOf http://observedchange.com/tisc/ns#northOf http://observedchange.com/tisc/ns#northWestOf http://observedchange.com/tisc/ns#outsideOf http://observedchange.com/tisc/ns#partialOverlapArea http://observedchange.com/tisc/ns#rightOf http://observedchange.com/tisc/ns#sharesPathWith http://observedchange.com/tisc/ns#southEastOf http://observedchange.com/tisc/ns#southOf http://observedchange.com/tisc/ns#southWestOf http://observedchange.com/tisc/ns#westOf http://www.opengis.net/ont/geosparql#Feature http://www.opengis.net/ont/geosparql#Geometry http://www.opengis.net/ont/geosparql#hasGeometry http://www.opengis.net/ont/geosparql#sfContains http://www.opengis.net/ont/geosparql#sfCrosses http://www.opengis.net/ont/geosparql#sfDisjoint http://www.opengis.net/ont/geosparql#sfEquals http://www.opengis.net/ont/geosparql#sfIntersects http://www.opengis.net/ont/geosparql#sfOverlaps http://www.opengis.net/ont/geosparql#sfTouches http://www.opengis.net/ont/geosparql#sfWithin https://w3id.org/smartenvironment/patterns/geometry.owl#SpatialObject https://w3id.org/smartenvironment/patterns/geometry.owl#hasDescriptiveSpatialRelation https://w3id.org/smartenvironment/patterns/geometry.owl#hasSpatialRelation
smarthome-featureofinterest	Smarthome Featureofinterest Pattern	odp	ecareathome-ontology.mpi.aass.oru.se	behavioral	iot		Competency Questions: | ...	What is the object which is the interest of the observation process? Which property pf this object is important?; Which sensing process (SSN:Sensing) is monitoring the state of the feature of interest (i.e. a specific property of the object)	http://ecareathome-ontology.mpi.aass.oru.se/patterns/SmartHome_FeatureOfInterest.owl#SmartHomeFeatureOfInterest http://ecareathome-ontology.mpi.aass.oru.se/patterns/SmartHome_Property.owl#SmartHomeProperty http://purl.oclc.org/NET/ssnx/ssn#Property http://purl.oclc.org/NET/ssnx/ssn#forProperty http://purl.oclc.org/NET/ssnx/ssn#hasProperty http://purl.oclc.org/NET/ssnx/ssn#isPropertyOf http://www.ontologydesignpatterns.org/ont/dul/DUL.owl#InformationObject http://www.ontologydesignpatterns.org/ont/dul/DUL.owl#PhysicalObject http://www.ontologydesignpatterns.org/ont/dul/DUL.owl#isAbout http://www.ontologydesignpatterns.org/ont/dul/DUL.owl#isDescribedBy
smarthome-geometry	Smarthome Geometry Pattern	odp	ecareathome-ontology.mpi.aass.oru.se	spatial	iot		Ontology design pattern for modeling smarthome geometry relationships and concepts.	What are the spatial entities (objects with geometry) in a smart home environment?	http://ecareathome-ontology.mpi.aass.oru.se/patterns/SmartHome_Geometry.owl#SmartHomeGeoFeature http://ecareathome-ontology.mpi.aass.oru.se/patterns/SmartHome_Geometry.owl#eastOf http://ecareathome-ontology.mpi.aass.oru.se/patterns/SmartHome_Geometry.owl#hasDirectionalRelation http://ecareathome-ontology.mpi.aass.oru.se/patterns/SmartHome_Geometry.owl#hasSpatialRelation http://ecareathome-ontology.mpi.aass.oru.se/patterns/SmartHome_Geometry.owl#northEastOf http://ecareathome-ontology.mpi.aass.oru.se/patterns/SmartHome_Geometry.owl#northOf http://ecareathome-ontology.mpi.aass.oru.se/patterns/SmartHome_Geometry.owl#northWestOf http://ecareathome-ontology.mpi.aass.oru.se/patterns/SmartHome_Geometry.owl#southEastOf http://ecareathome-ontology.mpi.aass.oru.se/patterns/SmartHome_Geometry.owl#southOf http://ecareathome-ontology.mpi.aass.oru.se/patterns/SmartHome_Geometry.owl#southWestOf http://ecareathome-ontology.mpi.aass.oru.se/patterns/SmartHome_Geometry.owl#westOf http://www.opengis.net/ont/geosparql#Feature http://www.opengis.net/ont/geosparql#Geometry http://www.opengis.net/ont/geosparql#hasGeometry http://www.opengis.net/ont/geosparql#sfContains http://www.opengis.net/ont/geosparql#sfCrosses http://www.opengis.net/ont/geosparql#sfDisjoint http://www.opengis.net/ont/geosparql#sfEquals http://www.opengis.net/ont/geosparql#sfIntersects http://www.opengis.net/ont/geosparql#sfOverlaps http://www.opengis.net/ont/geosparql#sfTouches http://www.opengis.net/ont/geosparql#sfWithin
smarthome-network	Smarthome Network Pattern	odp	ecareathome-ontology.mpi.aass.oru.se	structural	iot		This pattern relies on both the SSN ontology and DUL in order to represent sensors and other techniqually needed objects to deploy a network in a smart home environment. The concept of Network is modeled in this pattern as a System (http://purl.oclc.org/NET/ssnx/ssn#System) whose constituents are NodeStations (subclass of Node which is in turn subsumed by the class http://purl.oclc.org/NET/ssnx/ssn#Device). Another subsumee of the Device class is the class Node describing more details about the content of each node station. Depending on their roles, nodes of a network are devided into types of node senders (whcih observe a phenomenon and send the data) and receivers (which receive the observation data).	What are the nodes that are sending data to a given receiver?; What is the receiving node of the given set of sending nodes?; Which types of nodes are available in a network?	http://ecareathome-ontology.mpi.aass.oru.se/patterns/SmartHome_Network.owl#DataReceiverNode http://ecareathome-ontology.mpi.aass.oru.se/patterns/SmartHome_Network.owl#DataSenderNode http://ecareathome-ontology.mpi.aass.oru.se/patterns/SmartHome_Network.owl#Network http://ecareathome-ontology.mpi.aass.oru.se/patterns/SmartHome_Network.owl#Node http://ecareathome-ontology.mpi.aass.oru.se/patterns/SmartHome_Network.owl#NodeStation http://ecareathome-ontology.mpi.aass.oru.se/patterns/SmartHome_Network.owl#ReceiverNodeStation http://ecareathome-ontology.mpi.aass.oru.se/patterns/SmartHome_Network.owl#SenderNodeStation http://ecareathome-ontology.mpi.aass.oru.se/patterns/SmartHome_Network.owl#SmartHomeDeployment http://ecareathome-ontology.mpi.aass.oru.se/patterns/SmartHome_Network.owl#receivesDataFrom http://ecareathome-ontology.mpi.aass.oru.se/patterns/SmartHome_Network.owl#sendsDataTo http://purl.oclc.org/NET/ssnx/ssn#Deployment http://purl.oclc.org/NET/ssnx/ssn#Device http://purl.oclc.org/NET/ssnx/ssn#Platform http://purl.oclc.org/NET/ssnx/ssn#SensingDevice http://purl.oclc.org/NET/ssnx/ssn#System http://purl.oclc.org/NET/ssnx/ssn#deployedOnPlatform http://purl.oclc.org/NET/ssnx/ssn#deployedSystem http://purl.oclc.org/NET/ssnx/ssn#hasDeployment http://purl.oclc.org/NET/ssnx/ssn#onPlatform http://www.ontologydesignpatterns.org/ont/dul/DUL.owl#hasConstituent http://www.ontologydesignpatterns.org/ont/dul/DUL.owl#hasPart http://www.ontologydesignpatterns.org/ont/dul/DUL.owl#isConstituentOf http://www.ontologydesignpatterns.org/ont/dul/DUL.owl#isPartOf
smarthome-object	Smarthome Object Pattern	odp	ecareathome-ontology.mpi.aass.oru.se	structural	iot		This pattern relies on both the SSN ontology and DUL in order to represent an object in the context of Smart Home. Using this model we categorize the objects in to two groups of Smart Objects and NodeHolder based on the reason behind their existance in a smart home. Due to usual difficulties to install sensors in a smart home environment it is common that some other objects (i.e. NodeHolder) are used to attache sensors on so as to observe the situation of other objects (i.e. SmartObject) specifically for the configuration planner. Using this pattern we are able to diffrentiate between these two types of objects. This pattern also allows us to extend the definition of an object's properties in the context of smart home. The properties of a SmartObject which are the interest of the sensing process can be defined as either a subclass of the class http://purl.oclc.org/NET/ssnx/ssn#Property (e.g. the temperature of a stove) or as part of the smart object (e.g. the door of a friedge)	Where is the location of a given object?; Which objects are used as the holder of sensors in the smart home environment?; Which devices (e.g. sensors) are attached to a NodeHolder?; Which objects are there in a smart home environment?; Which objects are the interest of the observation process?	http://ecareathome-ontology.mpi.aass.oru.se/patterns/SmartHome_Geometry.owl#SmartHomeGeoFeature http://ecareathome-ontology.mpi.aass.oru.se/patterns/SmartHome_Geometry.owl#eastOf http://ecareathome-ontology.mpi.aass.oru.se/patterns/SmartHome_Geometry.owl#hasDirectionalRelation http://ecareathome-ontology.mpi.aass.oru.se/patterns/SmartHome_Geometry.owl#hasSpatialRelation http://ecareathome-ontology.mpi.aass.oru.se/patterns/SmartHome_Geometry.owl#northEastOf http://ecareathome-ontology.mpi.aass.oru.se/patterns/SmartHome_Geometry.owl#northOf http://ecareathome-ontology.mpi.aass.oru.se/patterns/SmartHome_Geometry.owl#northWestOf http://ecareathome-ontology.mpi.aass.oru.se/patterns/SmartHome_Geometry.owl#southEastOf http://ecareathome-ontology.mpi.aass.oru.se/patterns/SmartHome_Geometry.owl#southOf http://ecareathome-ontology.mpi.aass.oru.se/patterns/SmartHome_Geometry.owl#southWestOf http://ecareathome-ontology.mpi.aass.oru.se/patterns/SmartHome_Geometry.owl#westOf http://ecareathome-ontology.mpi.aass.oru.se/patterns/SmartHome_Object.owl#Location http://ecareathome-ontology.mpi.aass.oru.se/patterns/SmartHome_Object.owl#MobileObject http://ecareathome-ontology.mpi.aass.oru.se/patterns/SmartHome_Object.owl#NodeHolder http://ecareathome-ontology.mpi.aass.oru.se/patterns/SmartHome_Object.owl#NonMobileObject http://ecareathome-ontology.mpi.aass.oru.se/patterns/SmartHome_Object.owl#SmartHomeAgent http://ecareathome-ontology.mpi.aass.oru.se/patterns/SmartHome_Object.owl#SmartHomeObject http://ecareathome-ontology.mpi.aass.oru.se/patterns/SmartHome_Object.owl#SmartObject http://ecareathome-ontology.mpi.aass.oru.se/patterns/SmartHome_Property.owl#SmartHomeProperty http://purl.oclc.org/NET/ssnx/ssn#Device http://purl.oclc.org/NET/ssnx/ssn#Platform http://purl.oclc.org/NET/ssnx/ssn#Property http://purl.oclc.org/NET/ssnx/ssn#attachedSystem http://purl.oclc.org/NET/ssnx/ssn#hasProperty http://purl.oclc.org/NET/ssnx/ssn#isPropertyOf http://www.ontologydesignpatterns.org/ont/dul/DUL.owl#Agent http://www.ontologydesignpatterns.org/ont/dul/DUL.owl#Event http://www.ontologydesignpatterns.org/ont/dul/DUL.owl#NaturalPerson http://www.ontologydesignpatterns.org/ont/dul/DUL.owl#PhysicalObject http://www.ontologydesignpatterns.org/ont/dul/DUL.owl#PhysicalPlace http://www.ontologydesignpatterns.org/ont/dul/DUL.owl#Situation http://www.ontologydesignpatterns.org/ont/dul/DUL.owl#hasConstituent http://www.ontologydesignpatterns.org/ont/dul/DUL.owl#hasLocation http://www.ontologydesignpatterns.org/ont/dul/DUL.owl#isObjectIncludedIn http://www.ontologydesignpatterns.org/ont/dul/DUL.owl#isParticipantIn http://www.opengis.net/ont/geosparql#Feature http://www.opengis.net/ont/geosparql#Geometry http://www.opengis.net/ont/geosparql#hasGeometry http://www.opengis.net/ont/geosparql#sfContains http://www.opengis.net/ont/geosparql#sfCrosses http://www.opengis.net/ont/geosparql#sfDisjoint http://www.opengis.net/ont/geosparql#sfEquals http://www.opengis.net/ont/geosparql#sfIntersects http://www.opengis.net/ont/geosparql#sfOverlaps http://www.opengis.net/ont/geosparql#sfTouches http://www.opengis.net/ont/geosparql#sfWithin
smarthome-place	Smarthome Place Pattern	odp	ecareathome-ontology.mpi.aass.oru.se	spatial	iot		To represent a SmartHome as a place (specialization of http://www.ontologydesignpatterns.org/ont/dul/DUL.owl#PhysicalPlace) which contains a number of sections (other physical places) and is also seen as a platform (e.g. a platform for a sensor network).	What are the spatial/directional relations between sections of a smart home?; Which physical objects are located in a section of a smart environment?; How many and what sections are there in the SmartHome?	http://ecareathome-ontology.mpi.aass.oru.se/patterns/SmartHome_Geometry.owl#SmartHomeGeoFeature http://ecareathome-ontology.mpi.aass.oru.se/patterns/SmartHome_Geometry.owl#eastOf http://ecareathome-ontology.mpi.aass.oru.se/patterns/SmartHome_Geometry.owl#hasDirectionalRelation http://ecareathome-ontology.mpi.aass.oru.se/patterns/SmartHome_Geometry.owl#hasSpatialRelation http://ecareathome-ontology.mpi.aass.oru.se/patterns/SmartHome_Geometry.owl#northEastOf http://ecareathome-ontology.mpi.aass.oru.se/patterns/SmartHome_Geometry.owl#northOf http://ecareathome-ontology.mpi.aass.oru.se/patterns/SmartHome_Geometry.owl#northWestOf http://ecareathome-ontology.mpi.aass.oru.se/patterns/SmartHome_Geometry.owl#southEastOf http://ecareathome-ontology.mpi.aass.oru.se/patterns/SmartHome_Geometry.owl#southOf http://ecareathome-ontology.mpi.aass.oru.se/patterns/SmartHome_Geometry.owl#southWestOf http://ecareathome-ontology.mpi.aass.oru.se/patterns/SmartHome_Geometry.owl#westOf http://ecareathome-ontology.mpi.aass.oru.se/patterns/SmartHome_Place.owl#SmartHome http://ecareathome-ontology.mpi.aass.oru.se/patterns/SmartHome_Place.owl#SmartHomeSection http://purl.oclc.org/NET/ssnx/ssn#Deployment http://purl.oclc.org/NET/ssnx/ssn#Platform http://purl.oclc.org/NET/ssnx/ssn#inDeployment http://www.ontologydesignpatterns.org/ont/dul/DUL.owl#PhysicalObject http://www.ontologydesignpatterns.org/ont/dul/DUL.owl#PhysicalPlace http://www.ontologydesignpatterns.org/ont/dul/DUL.owl#hasPart http://www.ontologydesignpatterns.org/ont/dul/DUL.owl#isLocationOf http://www.ontologydesignpatterns.org/ont/dul/DUL.owl#isPartOf http://www.opengis.net/ont/geosparql#Feature http://www.opengis.net/ont/geosparql#Geometry http://www.opengis.net/ont/geosparql#hasGeometry http://www.opengis.net/ont/geosparql#sfContains http://www.opengis.net/ont/geosparql#sfCrosses http://www.opengis.net/ont/geosparql#sfDisjoint http://www.opengis.net/ont/geosparql#sfEquals http://www.opengis.net/ont/geosparql#sfIntersects http://www.opengis.net/ont/geosparql#sfOverlaps http://www.opengis.net/ont/geosparql#sfTouches http://www.opengis.net/ont/geosparql#sfWithin
smarthome-property	Smarthome Property Pattern	odp	ecareathome-ontology.mpi.aass.oru.se	information	iot		What are the properties of a physical object in a smart home?	What are the properties of a physical object in a smart home?	http://ecareathome-ontology.mpi.aass.oru.se/patterns/SmartHome_Property.owl#SmartHomeProperty http://purl.oclc.org/NET/ssnx/ssn#Property http://purl.oclc.org/NET/ssnx/ssn#hasProperty http://purl.oclc.org/NET/ssnx/ssn#isPropertyOf http://www.ontologydesignpatterns.org/ont/dul/DUL.owl#PhysicalObject
smarthome-sensing	Smarthome Sensing Pattern	odp	ecareathome-ontology.mpi.aass.oru.se	behavioral	iot		What sensors are involved (implement) the sensing process?; What is the output of the sensing process?; When the sensor output is generated by the sensor?; Which feature of interest is considered for the observation (sensing) process?	What sensors are involved (implement) the sensing process?; What is the output of the sensing process?; When the sensor output is generated by the sensor?; Which feature of interest is considered for the observation (sensing) process?	http://ecareathome-ontology.mpi.aass.oru.se/patterns/SmartHome_FeatureOfInterest.owl#SmartHomeFeatureOfInterest http://ecareathome-ontology.mpi.aass.oru.se/patterns/SmartHome_Property.owl#SmartHomeProperty http://ecareathome-ontology.mpi.aass.oru.se/patterns/SmartHome_Sensing.owl#ObservationType http://ecareathome-ontology.mpi.aass.oru.se/patterns/SmartHome_Sensing.owl#SensingProcess http://ecareathome-ontology.mpi.aass.oru.se/patterns/SmartHome_Sensing.owl#SensorConfiguration http://ecareathome-ontology.mpi.aass.oru.se/patterns/SmartHome_Sensing.owl#SmartHomeSensor http://ecareathome-ontology.mpi.aass.oru.se/patterns/SmartHome_Sensing.owl#SmartHomeSensorOutput http://ecareathome-ontology.mpi.aass.oru.se/patterns/SmartHome_Sensing.owl#hasMaxValue http://ecareathome-ontology.mpi.aass.oru.se/patterns/SmartHome_Sensing.owl#hasMinValue http://ecareathome-ontology.mpi.aass.oru.se/patterns/SmartHome_Sensing.owl#outputDataType http://purl.oclc.org/NET/ssnx/ssn#Device http://purl.oclc.org/NET/ssnx/ssn#Frequency http://purl.oclc.org/NET/ssnx/ssn#MeasurementProperty http://purl.oclc.org/NET/ssnx/ssn#Property http://purl.oclc.org/NET/ssnx/ssn#Sensing http://purl.oclc.org/NET/ssnx/ssn#SensingDevice http://purl.oclc.org/NET/ssnx/ssn#SensorOutput http://purl.oclc.org/NET/ssnx/ssn#forProperty http://purl.oclc.org/NET/ssnx/ssn#hasMeasurementProperty http://purl.oclc.org/NET/ssnx/ssn#hasOutput http://purl.oclc.org/NET/ssnx/ssn#hasProperty http://purl.oclc.org/NET/ssnx/ssn#implementedBy http://purl.oclc.org/NET/ssnx/ssn#implements http://purl.oclc.org/NET/ssnx/ssn#isProducedBy http://purl.oclc.org/NET/ssnx/ssn#isPropertyOf http://www.ontologydesignpatterns.org/ont/dul/DUL.owl#InformationObject http://www.ontologydesignpatterns.org/ont/dul/DUL.owl#PhysicalObject http://www.ontologydesignpatterns.org/ont/dul/DUL.owl#Situation http://www.ontologydesignpatterns.org/ont/dul/DUL.owl#TimeInterval http://www.ontologydesignpatterns.org/ont/dul/DUL.owl#describes http://www.ontologydesignpatterns.org/ont/dul/DUL.owl#hasDataValue http://www.ontologydesignpatterns.org/ont/dul/DUL.owl#hasQuality http://www.ontologydesignpatterns.org/ont/dul/DUL.owl#hasSetting http://www.ontologydesignpatterns.org/ont/dul/DUL.owl#isAbout http://www.ontologydesignpatterns.org/ont/dul/DUL.owl#isDescribedBy http://www.ontologydesignpatterns.org/ont/dul/DUL.owl#isObservableAt http://www.ontologydesignpatterns.org/ont/dul/DUL.owl#isPartOf http://www.ontologydesignpatterns.org/ont/dul/DUL.owl#isParticipantIn http://www.ontologydesignpatterns.org/ont/dul/DUL.owl#isQualityOf http://www.ontologydesignpatterns.org/ont/dul/DUL.owl#isSettingFor
smarthome-situation	Smarthome Situation Pattern	odp	ecareathome-ontology.mpi.aass.oru.se	behavioral	iot		Competency Questions: | <li> What is the state of the feature of interest in the smart home?</li><li> What are the equivalent situations of the given one (which situation is proxy of another one). It is possible to find two different situations equivalent from the observation process's perspective. Fo...	What is the state of the feature of interest in the smart home?; What are the equivalent situations of the given one (which situation is proxy of another one). It is possible to find two different situations equivalent from the observation process's perspective. For instance in order to see if the fan above the oven is switched on we can either check the electriccurrent of the fan (first situation) or the luminosity of its lamp (second situation).; Which feature (property) of an object (feature of interest) is used to conceptualize a situation?	http://ecareathome-ontology.mpi.aass.oru.se/patterns/SmartHome_FeatureOfInterest.owl#SmartHomeFeatureOfInterest http://ecareathome-ontology.mpi.aass.oru.se/patterns/SmartHome_Property.owl#SmartHomeProperty http://ecareathome-ontology.mpi.aass.oru.se/patterns/SmartHome_Situation.owl#SmartObjectSituation http://ecareathome-ontology.mpi.aass.oru.se/patterns/SmartHome_Situation.owl#State http://purl.oclc.org/NET/ssnx/ssn#Property http://purl.oclc.org/NET/ssnx/ssn#forProperty http://purl.oclc.org/NET/ssnx/ssn#hasProperty http://purl.oclc.org/NET/ssnx/ssn#isPropertyOf http://purl.oclc.org/NET/ssnx/ssn#isProxyFor http://www.ontologydesignpatterns.org/ont/dul/DUL.owl#InformationObject http://www.ontologydesignpatterns.org/ont/dul/DUL.owl#PhysicalObject http://www.ontologydesignpatterns.org/ont/dul/DUL.owl#Situation http://www.ontologydesignpatterns.org/ont/dul/DUL.owl#expresses http://www.ontologydesignpatterns.org/ont/dul/DUL.owl#isAbout http://www.ontologydesignpatterns.org/ont/dul/DUL.owl#isDescribedBy http://www.ontologydesignpatterns.org/ont/dul/DUL.owl#isExpressedBy
smarthome-timeinterval	Smarthome Timeinterval Pattern	odp	ecareathome-ontology.mpi.aass.oru.se	behavioral	iot		The ontology pattern Time represents temporal entities in the form of Instant, Interval and Temporal Distance (for example the relative temporal relations between an event and its preconditions.) in the context of smart environments.	What is the time interval between two specific timestamps in the form of dates?; What is the temporal distance between two specific time steps?	http://www.w3.org/2006/time#DateTimeDescription http://www.w3.org/2006/time#DateTimeInterval http://www.w3.org/2006/time#DayOfWeek http://www.w3.org/2006/time#Duration http://www.w3.org/2006/time#DurationDescription http://www.w3.org/2006/time#GeneralDateTimeDescription http://www.w3.org/2006/time#GeneralDurationDescription http://www.w3.org/2006/time#Instant http://www.w3.org/2006/time#Interval http://www.w3.org/2006/time#January http://www.w3.org/2006/time#MonthOfYear http://www.w3.org/2006/time#ProperInterval http://www.w3.org/2006/time#TRS http://www.w3.org/2006/time#TemporalDuration http://www.w3.org/2006/time#TemporalEntity http://www.w3.org/2006/time#TemporalPosition http://www.w3.org/2006/time#TemporalUnit http://www.w3.org/2006/time#TimePosition http://www.w3.org/2006/time#TimeZone http://www.w3.org/2006/time#Year http://www.w3.org/2006/time#after http://www.w3.org/2006/time#before http://www.w3.org/2006/time#day http://www.w3.org/2006/time#dayOfWeek http://www.w3.org/2006/time#dayOfYear http://www.w3.org/2006/time#days http://www.w3.org/2006/time#hasBeginning http://www.w3.org/2006/time#hasDateTimeDescription http://www.w3.org/2006/time#hasDuration http://www.w3.org/2006/time#hasDurationDescription http://www.w3.org/2006/time#hasEnd http://www.w3.org/2006/time#hasTRS http://www.w3.org/2006/time#hasTemporalDuration http://www.w3.org/2006/time#hasTime http://www.w3.org/2006/time#hasXSDDuration http://www.w3.org/2006/time#hour http://www.w3.org/2006/time#hours http://www.w3.org/2006/time#inDateTime http://www.w3.org/2006/time#inTemporalPosition http://www.w3.org/2006/time#inTimePosition http://www.w3.org/2006/time#inXSDDate http://www.w3.org/2006/time#inXSDDateTime http://www.w3.org/2006/time#inXSDDateTimeStamp http://www.w3.org/2006/time#inXSDgYear http://www.w3.org/2006/time#inXSDgYearMonth http://www.w3.org/2006/time#inside http://www.w3.org/2006/time#intervalAfter http://www.w3.org/2006/time#intervalBefore http://www.w3.org/2006/time#intervalContains http://www.w3.org/2006/time#intervalDisjoint http://www.w3.org/2006/time#intervalDuring http://www.w3.org/2006/time#intervalEquals http://www.w3.org/2006/time#intervalFinishedBy http://www.w3.org/2006/time#intervalFinishes http://www.w3.org/2006/time#intervalIn http://www.w3.org/2006/time#intervalMeets http://www.w3.org/2006/time#intervalMetBy http://www.w3.org/2006/time#intervalOverlappedBy http://www.w3.org/2006/time#intervalOverlaps http://www.w3.org/2006/time#intervalStartedBy http://www.w3.org/2006/time#intervalStarts http://www.w3.org/2006/time#minute http://www.w3.org/2006/time#minutes http://www.w3.org/2006/time#month http://www.w3.org/2006/time#monthOfYear http://www.w3.org/2006/time#months http://www.w3.org/2006/time#nominalPosition http://www.w3.org/2006/time#numericDuration http://www.w3.org/2006/time#numericPosition http://www.w3.org/2006/time#second http://www.w3.org/2006/time#seconds http://www.w3.org/2006/time#timeZone http://www.w3.org/2006/time#unitType http://www.w3.org/2006/time#week http://www.w3.org/2006/time#weeks http://www.w3.org/2006/time#xsdDateTime http://www.w3.org/2006/time#year http://www.w3.org/2006/time#years https://w3id.org/smartenvironment/patterns/time.owl#Instant https://w3id.org/smartenvironment/patterns/time.owl#Interval https://w3id.org/smartenvironment/patterns/time.owl#TemporalDistance https://w3id.org/smartenvironment/patterns/time.owl#TemporalEntity https://w3id.org/smartenvironment/patterns/time.owl#TimeDuration
spatial-graph-adapter-sga	Spatial Graph Adapter (SGA) Pattern	odp	semanticweb.org	spatial	general		Link to OWL File: https://raw.githubusercontent.com/HollyFerguson/Spatial-Graph-Adapter-Pattern/master/SGA\Protege\OWL.owlPDF of SGA Pattern Image: Image:USOcore3.pdfTo answer the modern, interdisciplinary questions asked within the Building domain, industry tools and data standards need to become f...		http://www.semanticweb.org/holly2012/ontologies/2016/SGA_Pattern#Attribute http://www.semanticweb.org/holly2012/ontologies/2016/SGA_Pattern#ContextualizedRelation http://www.semanticweb.org/holly2012/ontologies/2016/SGA_Pattern#SpatialInformationObject http://www.semanticweb.org/holly2012/ontologies/2016/SGA_Pattern#SpatialObject http://www.semanticweb.org/holly2012/ontologies/2016/SGA_Pattern#Type http://www.semanticweb.org/holly2012/ontologies/2016/SGA_Pattern#Value http://www.semanticweb.org/holly2012/ontologies/2016/SGA_Pattern#hasAttribute http://www.semanticweb.org/holly2012/ontologies/2016/SGA_Pattern#hasContextRelation http://www.semanticweb.org/holly2012/ontologies/2016/SGA_Pattern#hasType http://www.semanticweb.org/holly2012/ontologies/2016/SGA_Pattern#hasValue http://www.semanticweb.org/holly2012/ontologies/2016/SGA_Pattern#refersTo http://www.semanticweb.org/holly2012/ontologies/2016/SGA_Pattern#represents
spatial-object	Place (Spatial Object) Pattern	odp	ontologydesignpatterns.org	structural	spatial	place	Represents spatial entities and their locations. Used for geographical and spatial modeling.	Where is this entity located? What entities are at this place?	http://www.ontologydesignpatterns.org/cp/owl/place.owl#Place http://www.ontologydesignpatterns.org/cp/owl/place.owl#SpatialObject http://www.ontologydesignpatterns.org/cp/owl/place.owl#hasLocation http://www.ontologydesignpatterns.org/cp/owl/place.owl#isLocationOf
spatiotemporalextent	Spatiotemporalextent Pattern	odp	w3id.org	structural	games		This pattern models a spatiotemporal extent, i.e., a combination of spatial and temporal extent as a set of generalized trajectories which cannot have temporal overlap. This pattern reuses semantic trajectory pattern as component.	Where is Poland located in 1700?, List all places and time in which the 1990 World Chess Championship Match take place., Where and when did the oceanographic cruise A01132 go?	http://w3id.org/daselab/onto/spatiotemporalextent#SpatioTemporalExtent http://w3id.org/daselab/onto/spatiotemporalextent#Trajectory http://w3id.org/daselab/onto/spatiotemporalextent#hasSpatioTemporalExtent http://w3id.org/daselab/onto/spatiotemporalextent#hasTrajectory http://w3id.org/daselab/onto/trajectory#Trajectory
speciesbathymetry	Speciesbathymetry Pattern	odp	ontologydesignpatterns.org	information	biology		to represent species together with their typical environment in terms of bathymetric range and water area	what species have what (typical) bathymetric range in what water area? where can species be typical found for a certain water area?	http://www.ontologydesignpatterns.org/cp/owl/fsdas/aquaticresources.owl#AquaticResource http://www.ontologydesignpatterns.org/cp/owl/fsdas/aquaticresources.owl#AquaticSpecies http://www.ontologydesignpatterns.org/cp/owl/fsdas/aquaticresources.owl#WaterArea http://www.ontologydesignpatterns.org/cp/owl/fsdas/aquaticresources.owl#canOccurIn http://www.ontologydesignpatterns.org/cp/owl/fsdas/aquaticresources.owl#hasSpecies http://www.ontologydesignpatterns.org/cp/owl/fsdas/aquaticresources.owl#isAreaOfOccurrenceOf http://www.ontologydesignpatterns.org/cp/owl/fsdas/aquaticresources.owl#isSpeciesPresentIn http://www.ontologydesignpatterns.org/cp/owl/fsdas/speciesbathymetry.owl#BathymetricRange http://www.ontologydesignpatterns.org/cp/owl/fsdas/speciesbathymetry.owl#hasBathymetricRange http://www.ontologydesignpatterns.org/cp/owl/fsdas/speciesbathymetry.owl#hasRangeMax http://www.ontologydesignpatterns.org/cp/owl/fsdas/speciesbathymetry.owl#hasRangeMin http://www.ontologydesignpatterns.org/cp/owl/fsdas/speciesbathymetry.owl#isBathymetricRangeOf
speciesconditions	Speciesconditions Pattern	odp	ontologydesignpatterns.org	information	biology		This pattern aims at representing the habitat and bathymetric features that are typical for an aquatic species, in the context of a given water area.	what are the typical living conditions of a certain aquatic species? what are the aquatic species that live in a certain habitat/bathymetric range for that water area?	http://www.ontologydesignpatterns.org/cp/owl/fsdas/speciesconditions.owl#AquaticSpecies http://www.ontologydesignpatterns.org/cp/owl/fsdas/speciesconditions.owl#BathymetricRange http://www.ontologydesignpatterns.org/cp/owl/fsdas/speciesconditions.owl#Habitat http://www.ontologydesignpatterns.org/cp/owl/fsdas/speciesconditions.owl#SpeciesConditions http://www.ontologydesignpatterns.org/cp/owl/fsdas/speciesconditions.owl#WaterArea http://www.ontologydesignpatterns.org/cp/owl/fsdas/speciesconditions.owl#forSpecies http://www.ontologydesignpatterns.org/cp/owl/fsdas/speciesconditions.owl#hasBathymetricRange http://www.ontologydesignpatterns.org/cp/owl/fsdas/speciesconditions.owl#hasConditions http://www.ontologydesignpatterns.org/cp/owl/fsdas/speciesconditions.owl#hasHabitat http://www.ontologydesignpatterns.org/cp/owl/fsdas/speciesconditions.owl#inWaterArea http://www.ontologydesignpatterns.org/cp/owl/fsdas/speciesconditions.owl#isBathymetricRangeFor http://www.ontologydesignpatterns.org/cp/owl/fsdas/speciesconditions.owl#isHabitatFor http://www.ontologydesignpatterns.org/cp/owl/fsdas/speciesconditions.owl#isWaterAreaFor http://www.ontologydesignpatterns.org/cp/owl/situation.owl#Situation http://www.ontologydesignpatterns.org/cp/owl/situation.owl#hasSetting http://www.ontologydesignpatterns.org/cp/owl/situation.owl#isSettingFor
speciesconservation	Speciesconservation Pattern	odp	ontologydesignpatterns.org	conceptual	biology		This pattern intend to represent a description of the conservation status of aquatic species.	What is the conservation status of this species? What are the species with a specific conservation status? What species' conservation status contain a specific string?	http://www.ontologydesignpatterns.org/cp/owl/fsdas/speciesconservation.owl#AquaticSpecies http://www.ontologydesignpatterns.org/cp/owl/fsdas/speciesconservation.owl#hasConservationStatus
specieseat	Specieseat Pattern	odp	ontologydesignpatterns.org	conceptual	biology		The pattern intends to model the situation that a certain species feed upon other species and that some species are preyed upon by a certain species.	What species feed upon a certain species? What species are eaten by a certain species? What species is preyed upon by a certain species? What species preyes upon a certain species?	http://www.ontologydesignpatterns.org/cp/owl/fsdas/specieseat.owl#AquaticSpecies http://www.ontologydesignpatterns.org/cp/owl/fsdas/specieseat.owl#feedsUpon http://www.ontologydesignpatterns.org/cp/owl/fsdas/specieseat.owl#isFoodOf http://www.ontologydesignpatterns.org/cp/owl/fsdas/specieseat.owl#isPreyedUponBy http://www.ontologydesignpatterns.org/cp/owl/fsdas/specieseat.owl#preyesUpon
specieshabitat	Specieshabitat Pattern	odp	ontologydesignpatterns.org	information	biology		to represent species together with their typical environment in terms of habitat and water area	what species have what habitat in what water area?	http://www.ontologydesignpatterns.org/cp/owl/fsdas/aquaticresources.owl#AquaticResource http://www.ontologydesignpatterns.org/cp/owl/fsdas/aquaticresources.owl#AquaticSpecies http://www.ontologydesignpatterns.org/cp/owl/fsdas/aquaticresources.owl#WaterArea http://www.ontologydesignpatterns.org/cp/owl/fsdas/aquaticresources.owl#canOccurIn http://www.ontologydesignpatterns.org/cp/owl/fsdas/aquaticresources.owl#hasSpecies http://www.ontologydesignpatterns.org/cp/owl/fsdas/aquaticresources.owl#isAreaOfOccurrenceOf http://www.ontologydesignpatterns.org/cp/owl/fsdas/aquaticresources.owl#isSpeciesPresentIn http://www.ontologydesignpatterns.org/cp/owl/fsdas/specieshabitat.owl#BottomType http://www.ontologydesignpatterns.org/cp/owl/fsdas/specieshabitat.owl#DepthZone http://www.ontologydesignpatterns.org/cp/owl/fsdas/specieshabitat.owl#Geoform http://www.ontologydesignpatterns.org/cp/owl/fsdas/specieshabitat.owl#Habitat http://www.ontologydesignpatterns.org/cp/owl/fsdas/specieshabitat.owl#hasBottomType http://www.ontologydesignpatterns.org/cp/owl/fsdas/specieshabitat.owl#hasDepthZone http://www.ontologydesignpatterns.org/cp/owl/fsdas/specieshabitat.owl#hasGeoform http://www.ontologydesignpatterns.org/cp/owl/fsdas/specieshabitat.owl#hasHabitat http://www.ontologydesignpatterns.org/cp/owl/fsdas/specieshabitat.owl#isHabitatFor
speciesnames	Speciesnames Pattern	odp	ontologydesignpatterns.org	conceptual	biology		To express the terminological variants and the conceptual similarity that can be sources of confusion between species.	what local names are used for that species? what synonyms exist for that species? can that species be confused with some other one?	http://www.ontologydesignpatterns.org/cp/owl/fsdas/speciesnames.owl#AquaticSpecies http://www.ontologydesignpatterns.org/cp/owl/fsdas/speciesnames.owl#canBeConfusedWith http://www.ontologydesignpatterns.org/cp/owl/fsdas/speciesnames.owl#hasLocalName http://www.ontologydesignpatterns.org/cp/owl/fsdas/speciesnames.owl#hasSynonym
tagging	Tagging Pattern	odp	ontologydesignpatterns.org	structural	data-management		To represent a tagging situation, in which someone uses a term, from a list of a folksonomy, to tag something (or the content of something). We might also want to represent the time and the polarity of the tagging.	Who is tagging (the content of) what, by using what term from what folksonomy?, Which polarity has the tagging?	http://www.ontologydesignpatterns.org/cp/owl/agentrole.owl#Agent http://www.ontologydesignpatterns.org/cp/owl/classification.owl#Concept http://www.ontologydesignpatterns.org/cp/owl/classification.owl#classifies http://www.ontologydesignpatterns.org/cp/owl/classification.owl#isClassifiedBy http://www.ontologydesignpatterns.org/cp/owl/collectionentity.owl#Collection http://www.ontologydesignpatterns.org/cp/owl/collectionentity.owl#hasMember http://www.ontologydesignpatterns.org/cp/owl/collectionentity.owl#isMemberOf http://www.ontologydesignpatterns.org/cp/owl/intensionextension.owl#InformationObject http://www.ontologydesignpatterns.org/cp/owl/intensionextension.owl#SocialObject http://www.ontologydesignpatterns.org/cp/owl/intensionextension.owl#expresses http://www.ontologydesignpatterns.org/cp/owl/intensionextension.owl#isAbout http://www.ontologydesignpatterns.org/cp/owl/intensionextension.owl#isExpressedBy http://www.ontologydesignpatterns.org/cp/owl/intensionextension.owl#isReferenceOf http://www.ontologydesignpatterns.org/cp/owl/objectrole.owl#Object http://www.ontologydesignpatterns.org/cp/owl/objectrole.owl#Role http://www.ontologydesignpatterns.org/cp/owl/objectrole.owl#hasRole http://www.ontologydesignpatterns.org/cp/owl/objectrole.owl#isRoleOf http://www.ontologydesignpatterns.org/cp/owl/situation.owl#Situation http://www.ontologydesignpatterns.org/cp/owl/situation.owl#hasSetting http://www.ontologydesignpatterns.org/cp/owl/situation.owl#isSettingFor http://www.ontologydesignpatterns.org/cp/owl/tagging.owl#byAgent http://www.ontologydesignpatterns.org/cp/owl/tagging.owl#isTagUsedIn http://www.ontologydesignpatterns.org/cp/owl/tagging.owl#isTaggingAgentIn http://www.ontologydesignpatterns.org/cp/owl/tagging.owl#usingTag http://www.ontologydesignpatterns.org/cp/owl/timeindexedsituation.owl#TimeIndexedSituation http://www.ontologydesignpatterns.org/cp/owl/timeindexedsituation.owl#atTime http://www.ontologydesignpatterns.org/cp/owl/timeindexedsituation.owl#forEntity http://www.ontologydesignpatterns.org/cp/owl/timeindexedsituation.owl#hasTimeIndexedSetting http://www.ontologydesignpatterns.org/cp/owl/timeindexedsituation.owl#isTimeIndexFor http://www.ontologydesignpatterns.org/cp/owl/timeinterval.owl#TimeInterval http://www.ontologydesignpatterns.org/cp/owl/timeinterval.owl#hasIntervalDate http://www.ontologydesignpatterns.org/cp/owl/timeinterval.owl#hasIntervalEndDate http://www.ontologydesignpatterns.org/cp/owl/timeinterval.owl#hasIntervalStartDate http://www.ontologydesignpatterns.org/ont/dul/tagging.owl#Folksonomy http://www.ontologydesignpatterns.org/ont/dul/tagging.owl#Tag http://www.ontologydesignpatterns.org/ont/dul/tagging.owl#Tagging http://www.ontologydesignpatterns.org/ont/dul/tagging.owl#fromCloud http://www.ontologydesignpatterns.org/ont/dul/tagging.owl#hasPolarity http://www.ontologydesignpatterns.org/ont/dul/tagging.owl#isTagCloudOf
taskexecution	Taskexecution Pattern	odp	ontologydesignpatterns.org	behavioral	general		To represent actions through which tasks are executed.	which task is executed through this action? what actions can done in order to execute that task?	http://www.ontologydesignpatterns.org/cp/owl/agentrole.owl#Agent http://www.ontologydesignpatterns.org/cp/owl/classification.owl#Concept http://www.ontologydesignpatterns.org/cp/owl/classification.owl#classifies http://www.ontologydesignpatterns.org/cp/owl/classification.owl#isClassifiedBy http://www.ontologydesignpatterns.org/cp/owl/objectrole.owl#Object http://www.ontologydesignpatterns.org/cp/owl/objectrole.owl#Role http://www.ontologydesignpatterns.org/cp/owl/objectrole.owl#hasRole http://www.ontologydesignpatterns.org/cp/owl/objectrole.owl#isRoleOf http://www.ontologydesignpatterns.org/cp/owl/participation.owl#Event http://www.ontologydesignpatterns.org/cp/owl/participation.owl#Object http://www.ontologydesignpatterns.org/cp/owl/participation.owl#hasParticipant http://www.ontologydesignpatterns.org/cp/owl/participation.owl#isParticipantIn http://www.ontologydesignpatterns.org/cp/owl/taskexecution.owl#Action http://www.ontologydesignpatterns.org/cp/owl/taskexecution.owl#executesTask http://www.ontologydesignpatterns.org/cp/owl/taskexecution.owl#isExecutedIn http://www.ontologydesignpatterns.org/cp/owl/taskrole.owl#Role http://www.ontologydesignpatterns.org/cp/owl/taskrole.owl#Task http://www.ontologydesignpatterns.org/cp/owl/taskrole.owl#hasTask http://www.ontologydesignpatterns.org/cp/owl/taskrole.owl#isTaskOf
template-instance	Template Instance Pattern	odp	ontologydesignpatterns.org	conceptual	general		The Template Instance pattern proposes a way of reducing the number of reified instances and the related property assertion axioms in an ontology, especially for the cases in which the reified relations are identical for multiple entities. ...		http://ontologydesignpatterns.org/template#isTemplate
time-indexed-participation	Time Indexed Participation Pattern	odp	ontologydesignpatterns.org	structural	general		To represent participants in events at some time,To represent participants in parts of events.	When something participated in some event?,At what time an event had some participant?	http://www.ontologydesignpatterns.org/cp/owl/participation.owl#Event http://www.ontologydesignpatterns.org/cp/owl/participation.owl#Object http://www.ontologydesignpatterns.org/cp/owl/participation.owl#hasParticipant http://www.ontologydesignpatterns.org/cp/owl/participation.owl#isParticipantIn http://www.ontologydesignpatterns.org/cp/owl/situation.owl#Situation http://www.ontologydesignpatterns.org/cp/owl/situation.owl#hasSetting http://www.ontologydesignpatterns.org/cp/owl/situation.owl#isSettingFor http://www.ontologydesignpatterns.org/cp/owl/timeindexedparticipation.owl#TimeIndexedParticipation http://www.ontologydesignpatterns.org/cp/owl/timeindexedparticipation.owl#includesEvent http://www.ontologydesignpatterns.org/cp/owl/timeindexedparticipation.owl#includesObject http://www.ontologydesignpatterns.org/cp/owl/timeindexedparticipation.owl#isEventIncludedIn http://www.ontologydesignpatterns.org/cp/owl/timeindexedparticipation.owl#isObjectIncludedIn http://www.ontologydesignpatterns.org/cp/owl/timeindexedsituation.owl#TimeIndexedSituation http://www.ontologydesignpatterns.org/cp/owl/timeindexedsituation.owl#atTime http://www.ontologydesignpatterns.org/cp/owl/timeindexedsituation.owl#forEntity http://www.ontologydesignpatterns.org/cp/owl/timeindexedsituation.owl#hasTimeIndexedSetting http://www.ontologydesignpatterns.org/cp/owl/timeindexedsituation.owl#isTimeIndexFor http://www.ontologydesignpatterns.org/cp/owl/timeinterval.owl#TimeInterval http://www.ontologydesignpatterns.org/cp/owl/timeinterval.owl#hasIntervalDate http://www.ontologydesignpatterns.org/cp/owl/timeinterval.owl#hasIntervalEndDate http://www.ontologydesignpatterns.org/cp/owl/timeinterval.owl#hasIntervalStartDate
time-indexed-person-role	Time Indexed Person Role Pattern	odp	ontologydesignpatterns.org	behavioral	social		Ontology design pattern for modeling time indexed person role relationships and concepts.		http://www.ontologydesignpatterns.org/cp/owl/agentrole.owl#Agent http://www.ontologydesignpatterns.org/cp/owl/classification.owl#Concept http://www.ontologydesignpatterns.org/cp/owl/classification.owl#classifies http://www.ontologydesignpatterns.org/cp/owl/classification.owl#isClassifiedBy http://www.ontologydesignpatterns.org/cp/owl/countingas.owl#CountingAs http://www.ontologydesignpatterns.org/cp/owl/objectrole.owl#Object http://www.ontologydesignpatterns.org/cp/owl/objectrole.owl#Role http://www.ontologydesignpatterns.org/cp/owl/objectrole.owl#hasRole http://www.ontologydesignpatterns.org/cp/owl/objectrole.owl#isRoleOf http://www.ontologydesignpatterns.org/cp/owl/situation.owl#Situation http://www.ontologydesignpatterns.org/cp/owl/situation.owl#hasSetting http://www.ontologydesignpatterns.org/cp/owl/situation.owl#isSettingFor http://www.ontologydesignpatterns.org/cp/owl/timeindexedclassification.owl#TimeIndexedClassification http://www.ontologydesignpatterns.org/cp/owl/timeindexedpersonrole.owl#Person http://www.ontologydesignpatterns.org/cp/owl/timeindexedpersonrole.owl#TimeIndexedPersonRole http://www.ontologydesignpatterns.org/cp/owl/timeindexedsituation.owl#TimeIndexedSituation http://www.ontologydesignpatterns.org/cp/owl/timeindexedsituation.owl#atTime http://www.ontologydesignpatterns.org/cp/owl/timeindexedsituation.owl#forEntity http://www.ontologydesignpatterns.org/cp/owl/timeindexedsituation.owl#hasTimeIndexedSetting http://www.ontologydesignpatterns.org/cp/owl/timeindexedsituation.owl#isTimeIndexFor http://www.ontologydesignpatterns.org/cp/owl/timeinterval.owl#TimeInterval http://www.ontologydesignpatterns.org/cp/owl/timeinterval.owl#hasIntervalDate http://www.ontologydesignpatterns.org/cp/owl/timeinterval.owl#hasIntervalEndDate http://www.ontologydesignpatterns.org/cp/owl/timeinterval.owl#hasIntervalStartDate
time-interval	Time Interval Pattern	odp	ontologydesignpatterns.org	structural	temporal		Represents a time interval with a start and end point. Used for temporal modeling.	When does this interval start? When does this interval end?	http://www.ontologydesignpatterns.org/cp/owl/timeinterval.owl#TimeInterval http://www.ontologydesignpatterns.org/cp/owl/timeinterval.owl#hasIntervalEndDate http://www.ontologydesignpatterns.org/cp/owl/timeinterval.owl#hasIntervalStartDate
timeindexedclassification	Timeindexedclassification Pattern	odp	ontologydesignpatterns.org	conceptual	general				http://www.ontologydesignpatterns.org/cp/owl/classification.owl#Concept http://www.ontologydesignpatterns.org/cp/owl/classification.owl#classifies http://www.ontologydesignpatterns.org/cp/owl/classification.owl#isClassifiedBy http://www.ontologydesignpatterns.org/cp/owl/countingas.owl#CountingAs http://www.ontologydesignpatterns.org/cp/owl/situation.owl#Situation http://www.ontologydesignpatterns.org/cp/owl/situation.owl#hasSetting http://www.ontologydesignpatterns.org/cp/owl/situation.owl#isSettingFor http://www.ontologydesignpatterns.org/cp/owl/timeindexedclassification.owl#TimeIndexedClassification http://www.ontologydesignpatterns.org/cp/owl/timeindexedsituation.owl#TimeIndexedSituation http://www.ontologydesignpatterns.org/cp/owl/timeindexedsituation.owl#atTime http://www.ontologydesignpatterns.org/cp/owl/timeindexedsituation.owl#forEntity http://www.ontologydesignpatterns.org/cp/owl/timeindexedsituation.owl#hasTimeIndexedSetting http://www.ontologydesignpatterns.org/cp/owl/timeindexedsituation.owl#isTimeIndexFor http://www.ontologydesignpatterns.org/cp/owl/timeinterval.owl#TimeInterval http://www.ontologydesignpatterns.org/cp/owl/timeinterval.owl#hasIntervalDate http://www.ontologydesignpatterns.org/cp/owl/timeinterval.owl#hasIntervalEndDate http://www.ontologydesignpatterns.org/cp/owl/timeinterval.owl#hasIntervalStartDate
timeindexedpartof	Timeindexedpartof Pattern	odp	ontologydesignpatterns.org	structural	general		The time indexed part of pattern. This pattern re-uses part of and time-indexed situation patterns. It is extracted from DOLCE-UltraLite by partial clone of elements.		http://www.ontologydesignpatterns.org/cp/owl/partof.owl#hasPart http://www.ontologydesignpatterns.org/cp/owl/partof.owl#isPartOf http://www.ontologydesignpatterns.org/cp/owl/situation.owl#Situation http://www.ontologydesignpatterns.org/cp/owl/situation.owl#hasSetting http://www.ontologydesignpatterns.org/cp/owl/situation.owl#isSettingFor http://www.ontologydesignpatterns.org/cp/owl/timeindexedpartof.owl#Object http://www.ontologydesignpatterns.org/cp/owl/timeindexedpartof.owl#TimeIndexedPartOf http://www.ontologydesignpatterns.org/cp/owl/timeindexedpartof.owl#includesPartObject http://www.ontologydesignpatterns.org/cp/owl/timeindexedpartof.owl#includesWholeObject http://www.ontologydesignpatterns.org/cp/owl/timeindexedpartof.owl#isPartObjectOf http://www.ontologydesignpatterns.org/cp/owl/timeindexedpartof.owl#isWholeObjectOf http://www.ontologydesignpatterns.org/cp/owl/timeindexedsituation.owl#TimeIndexedSituation http://www.ontologydesignpatterns.org/cp/owl/timeindexedsituation.owl#atTime http://www.ontologydesignpatterns.org/cp/owl/timeindexedsituation.owl#forEntity http://www.ontologydesignpatterns.org/cp/owl/timeindexedsituation.owl#hasTimeIndexedSetting http://www.ontologydesignpatterns.org/cp/owl/timeindexedsituation.owl#isTimeIndexFor http://www.ontologydesignpatterns.org/cp/owl/timeinterval.owl#TimeInterval http://www.ontologydesignpatterns.org/cp/owl/timeinterval.owl#hasIntervalDate http://www.ontologydesignpatterns.org/cp/owl/timeinterval.owl#hasIntervalEndDate http://www.ontologydesignpatterns.org/cp/owl/timeinterval.owl#hasIntervalStartDate
timeindexedsituation	Timeindexedsituation Pattern	odp	ontologydesignpatterns.org	conceptual	general		To represent time indexed situations.	At what time did a certain situation occur?,What situations occurred at a certain time?	http://www.ontologydesignpatterns.org/cp/owl/situation.owl#Situation http://www.ontologydesignpatterns.org/cp/owl/situation.owl#hasSetting http://www.ontologydesignpatterns.org/cp/owl/situation.owl#isSettingFor http://www.ontologydesignpatterns.org/cp/owl/timeindexedsituation.owl#TimeIndexedSituation http://www.ontologydesignpatterns.org/cp/owl/timeindexedsituation.owl#atTime http://www.ontologydesignpatterns.org/cp/owl/timeindexedsituation.owl#forEntity http://www.ontologydesignpatterns.org/cp/owl/timeindexedsituation.owl#hasTimeIndexedSetting http://www.ontologydesignpatterns.org/cp/owl/timeindexedsituation.owl#isTimeIndexFor http://www.ontologydesignpatterns.org/cp/owl/timeinterval.owl#TimeInterval http://www.ontologydesignpatterns.org/cp/owl/timeinterval.owl#hasIntervalDate http://www.ontologydesignpatterns.org/cp/owl/timeinterval.owl#hasIntervalEndDate http://www.ontologydesignpatterns.org/cp/owl/timeinterval.owl#hasIntervalStartDate
timeinterval	Timeinterval Pattern	odp	ontologydesignpatterns.org	temporal	general	time-interval	To represent time intervals.	What is the end time of this interval? What is the starting time of this interval? What is the date of this time interval?	http://www.ontologydesignpatterns.org/cp/owl/timeinterval.owl#TimeInterval http://www.ontologydesignpatterns.org/cp/owl/timeinterval.owl#hasIntervalDate http://www.ontologydesignpatterns.org/cp/owl/timeinterval.owl#hasIntervalEndDate http://www.ontologydesignpatterns.org/cp/owl/timeinterval.owl#hasIntervalStartDate
timeperiod	Timeperiod Pattern	odp	ontologydesignpatterns.org	behavioral	general		To represent time periods, as n-ary relation with a measurement unit and a numerical value.	Which is the measurement unit of a time period?, Which is the value of a time period?	http://www.ontologydesignpatterns.org/cp/owl/timeperiod.owl#TimePeriod http://www.ontologydesignpatterns.org/cp/owl/timeperiod.owl#TimePeriodMeasurementUnit http://www.ontologydesignpatterns.org/cp/owl/timeperiod.owl#hasTimePeriodMeasurementUnit http://www.ontologydesignpatterns.org/cp/owl/timeperiod.owl#isTimePeriodMeasurementUnitOf http://www.ontologydesignpatterns.org/cp/owl/timeperiod.owl#timePeriodValue
topic	Topic Pattern	odp	ontologydesignpatterns.org	conceptual	general	simpletopic	To represent topics and their relations.	What is the topic of something?, What topics are included in this one?, What are the topics near to that one?	http://www.ontologydesignpatterns.org/cp/owl/partof.owl#hasPart http://www.ontologydesignpatterns.org/cp/owl/partof.owl#isPartOf http://www.ontologydesignpatterns.org/cp/owl/topic.owl#Concept http://www.ontologydesignpatterns.org/cp/owl/topic.owl#Topic http://www.ontologydesignpatterns.org/cp/owl/topic.owl#farTopicFrom http://www.ontologydesignpatterns.org/cp/owl/topic.owl#hasCoreConcept http://www.ontologydesignpatterns.org/cp/owl/topic.owl#hasSubTopic http://www.ontologydesignpatterns.org/cp/owl/topic.owl#hasTopic http://www.ontologydesignpatterns.org/cp/owl/topic.owl#isCoreConceptFor http://www.ontologydesignpatterns.org/cp/owl/topic.owl#isSubTopicOf http://www.ontologydesignpatterns.org/cp/owl/topic.owl#isTopicOf http://www.ontologydesignpatterns.org/cp/owl/topic.owl#nearTopicTo http://www.ontologydesignpatterns.org/cp/owl/topic.owl#overlappingTopic
trajectory	Trajectory Pattern	odp	w3id.org	structural	games		The pattern provides a model of trajectory, which is understood as a sequence of spatiotemporal points. The model generalizing the Semantic Trajectory pattern from [Hu, et al., COSIT 2013] by employing the notion of place, instead of location/geo-coordinate, to represent the spatial extent of the trajectory. This pattern is suitable for a variety of trajectory datasets and easily extendible by by aligning to or matching with existing trajectory ontologies, foundational ontologies, or other domain specific vocabularies.	Show the birds which stop at x and y, Show the birds which move at a ground speed of 0.4 m/s, Show the trajectories of rivers which cross national parks, Where are the ports at which the oceanographic cruise A3221 stopped after leaving Woods Hole?, List the places and times that represent the spatiotemporal extent of the 1990 World Chess Championship event,	http://w3id.org/daselab/onto/trajectory#Attribute http://w3id.org/daselab/onto/trajectory#EndingFix http://w3id.org/daselab/onto/trajectory#Fix http://w3id.org/daselab/onto/trajectory#MovingObject http://w3id.org/daselab/onto/trajectory#Place http://w3id.org/daselab/onto/trajectory#Segment http://w3id.org/daselab/onto/trajectory#StartingFix http://w3id.org/daselab/onto/trajectory#TimeEntity http://w3id.org/daselab/onto/trajectory#Trajectory http://w3id.org/daselab/onto/trajectory#atPlace http://w3id.org/daselab/onto/trajectory#atTime http://w3id.org/daselab/onto/trajectory#endsAt http://w3id.org/daselab/onto/trajectory#hasAttribute http://w3id.org/daselab/onto/trajectory#hasFix http://w3id.org/daselab/onto/trajectory#hasSegment http://w3id.org/daselab/onto/trajectory#hasTrajectory http://w3id.org/daselab/onto/trajectory#nextFix http://w3id.org/daselab/onto/trajectory#startsFrom http://w3id.org/daselab/onto/trajectory#traversedBy
transition	Transition Pattern	odp	ontologydesignpatterns.org	behavioral	general		To represent basic knowledge about transitions (events, states, processes, objects).	What states of some object are changed by what event during a transition?,What is the process that is invariant through the transition?,What transitions are occurring on what object at what time?	http://www.ontologydesignpatterns.org/cp/owl/participation.owl#Event http://www.ontologydesignpatterns.org/cp/owl/participation.owl#Object http://www.ontologydesignpatterns.org/cp/owl/participation.owl#hasParticipant http://www.ontologydesignpatterns.org/cp/owl/participation.owl#isParticipantIn http://www.ontologydesignpatterns.org/cp/owl/region.owl#Region http://www.ontologydesignpatterns.org/cp/owl/region.owl#hasRegion http://www.ontologydesignpatterns.org/cp/owl/region.owl#hasRegionDataValue http://www.ontologydesignpatterns.org/cp/owl/region.owl#isRegionFor http://www.ontologydesignpatterns.org/cp/owl/sequence.owl#directlyFollows http://www.ontologydesignpatterns.org/cp/owl/sequence.owl#directlyPrecedes http://www.ontologydesignpatterns.org/cp/owl/sequence.owl#follows http://www.ontologydesignpatterns.org/cp/owl/sequence.owl#precedes http://www.ontologydesignpatterns.org/cp/owl/situation.owl#Situation http://www.ontologydesignpatterns.org/cp/owl/situation.owl#hasSetting http://www.ontologydesignpatterns.org/cp/owl/situation.owl#isSettingFor http://www.ontologydesignpatterns.org/cp/owl/timeindexedparticipation.owl#TimeIndexedParticipation http://www.ontologydesignpatterns.org/cp/owl/timeindexedparticipation.owl#includesEvent http://www.ontologydesignpatterns.org/cp/owl/timeindexedparticipation.owl#includesObject http://www.ontologydesignpatterns.org/cp/owl/timeindexedparticipation.owl#isEventIncludedIn http://www.ontologydesignpatterns.org/cp/owl/timeindexedparticipation.owl#isObjectIncludedIn http://www.ontologydesignpatterns.org/cp/owl/timeindexedsituation.owl#TimeIndexedSituation http://www.ontologydesignpatterns.org/cp/owl/timeindexedsituation.owl#atTime http://www.ontologydesignpatterns.org/cp/owl/timeindexedsituation.owl#forEntity http://www.ontologydesignpatterns.org/cp/owl/timeindexedsituation.owl#hasTimeIndexedSetting http://www.ontologydesignpatterns.org/cp/owl/timeindexedsituation.owl#isTimeIndexFor http://www.ontologydesignpatterns.org/cp/owl/timeinterval.owl#TimeInterval http://www.ontologydesignpatterns.org/cp/owl/timeinterval.owl#hasIntervalDate http://www.ontologydesignpatterns.org/cp/owl/timeinterval.owl#hasIntervalEndDate http://www.ontologydesignpatterns.org/cp/owl/timeinterval.owl#hasIntervalStartDate http://www.ontologydesignpatterns.org/cp/owl/transition.owl#Process http://www.ontologydesignpatterns.org/cp/owl/transition.owl#Transition http://www.ontologydesignpatterns.org/cp/owl/transition.owl#hasEventAtTime http://www.ontologydesignpatterns.org/cp/owl/transition.owl#hasFinalStateAtTime http://www.ontologydesignpatterns.org/cp/owl/transition.owl#hasInitialStateAtTime http://www.ontologydesignpatterns.org/cp/owl/transition.owl#includesFinalSituation http://www.ontologydesignpatterns.org/cp/owl/transition.owl#includesInitialSituation http://www.ontologydesignpatterns.org/cp/owl/transition.owl#includesProcess http://www.ontologydesignpatterns.org/cp/owl/transition.owl#isEventTimeIndexFor http://www.ontologydesignpatterns.org/cp/owl/transition.owl#isFinalSituationIncludedIn http://www.ontologydesignpatterns.org/cp/owl/transition.owl#isFinalStateTimeIndexFor http://www.ontologydesignpatterns.org/cp/owl/transition.owl#isInitialSituationIncludedIn http://www.ontologydesignpatterns.org/cp/owl/transition.owl#isInitialStateTimeIndexFor http://www.ontologydesignpatterns.org/cp/owl/transition.owl#isProcessIncludedIn http://www.ontologydesignpatterns.org/cp/owl/transition.owl#isTimeOf http://www.ontologydesignpatterns.org/cp/owl/transition.owl#occursAt
transportpattern	Transportpattern	odp	descartes-core.org	structural	transportation		To reduce dimensionality of large data collections.	What is the extent of a point source pollution event? Where did a voyage begin, and where did it end?	http://www.descartes-core.org/patterns/owl/transportPattern#TransportEntity http://www.descartes-core.org/patterns/owl/transportPattern#TransportEvent http://www.descartes-core.org/patterns/owl/transportPattern#TransportMechanim http://www.descartes-core.org/patterns/owl/transportPattern#partOf http://www.descartes-core.org/patterns/owl/transportPattern#referenceFrame http://www.descartes-core.org/patterns/owl/transportPattern#transportEvent
types-of-entities	Types Of Entities Pattern	odp	ontologydesignpatterns.org	behavioral	general		To identify and categorize the most general possible types of things in the domain of discourse.	What kind of entity is that?	http://www.ontologydesignpatterns.org/cp/owl/typesofentities.owl#Abstract http://www.ontologydesignpatterns.org/cp/owl/typesofentities.owl#Entity http://www.ontologydesignpatterns.org/cp/owl/typesofentities.owl#Event http://www.ontologydesignpatterns.org/cp/owl/typesofentities.owl#Object http://www.ontologydesignpatterns.org/cp/owl/typesofentities.owl#Quality
verticaldistribution	Verticaldistribution Pattern	odp	ontologydesignpatterns.org	observation	biology		The intent of the pattern is to be able to represent vertical distribution for aquatic resources.	What resource has what vertical distribution?	http://www.ontologydesignpatterns.org/cp/owl/fsdas/aquaticresources.owl#AquaticResource http://www.ontologydesignpatterns.org/cp/owl/fsdas/aquaticresources.owl#AquaticSpecies http://www.ontologydesignpatterns.org/cp/owl/fsdas/aquaticresources.owl#WaterArea http://www.ontologydesignpatterns.org/cp/owl/fsdas/aquaticresources.owl#canOccurIn http://www.ontologydesignpatterns.org/cp/owl/fsdas/aquaticresources.owl#hasSpecies http://www.ontologydesignpatterns.org/cp/owl/fsdas/aquaticresources.owl#isAreaOfOccurrenceOf http://www.ontologydesignpatterns.org/cp/owl/fsdas/aquaticresources.owl#isSpeciesPresentIn http://www.ontologydesignpatterns.org/cp/owl/fsdas/verticaldistribution.owl#AquaticResource http://www.ontologydesignpatterns.org/cp/owl/fsdas/verticaldistribution.owl#AquaticResourceObservation http://www.ontologydesignpatterns.org/cp/owl/fsdas/verticaldistribution.owl#VerticalDistribution http://www.ontologydesignpatterns.org/cp/owl/fsdas/verticaldistribution.owl#hasReferenceYear http://www.ontologydesignpatterns.org/cp/owl/fsdas/verticaldistribution.owl#hasResource http://www.ontologydesignpatterns.org/cp/owl/fsdas/verticaldistribution.owl#hasVerticalDistribution http://www.ontologydesignpatterns.org/cp/owl/fsdas/verticaldistribution.owl#isResourceOf http://www.ontologydesignpatterns.org/cp/owl/fsdas/verticaldistribution.owl#isVerticalDistributionOf http://www.ontologydesignpatterns.org/cp/owl/observation.owl#Observation http://www.ontologydesignpatterns.org/cp/owl/observation.owl#Parameter http://www.ontologydesignpatterns.org/cp/owl/observation.owl#hasObservation http://www.ontologydesignpatterns.org/cp/owl/observation.owl#hasParameter http://www.ontologydesignpatterns.org/cp/owl/observation.owl#inDate http://www.ontologydesignpatterns.org/cp/owl/observation.owl#isObservationOf http://www.ontologydesignpatterns.org/cp/owl/observation.owl#isParameterOf http://www.ontologydesignpatterns.org/cp/owl/situation.owl#Situation http://www.ontologydesignpatterns.org/cp/owl/situation.owl#hasSetting http://www.ontologydesignpatterns.org/cp/owl/situation.owl#isSettingFor
vesselspecies	Vesselspecies Pattern	odp	ontologydesignpatterns.org	conceptual	biology		to provide a direct relation between aquatic species and vessels that are able to catch them, regardless of the fishing gear used.	what vessel types can catch what species? (provided that species are caught by geartypes are used by vessel types)	http://www.ontologydesignpatterns.org/cp/owl/fsdas/aquaticresources.owl#AquaticResource http://www.ontologydesignpatterns.org/cp/owl/fsdas/aquaticresources.owl#AquaticSpecies http://www.ontologydesignpatterns.org/cp/owl/fsdas/aquaticresources.owl#WaterArea http://www.ontologydesignpatterns.org/cp/owl/fsdas/aquaticresources.owl#canOccurIn http://www.ontologydesignpatterns.org/cp/owl/fsdas/aquaticresources.owl#hasSpecies http://www.ontologydesignpatterns.org/cp/owl/fsdas/aquaticresources.owl#isAreaOfOccurrenceOf http://www.ontologydesignpatterns.org/cp/owl/fsdas/aquaticresources.owl#isSpeciesPresentIn http://www.ontologydesignpatterns.org/cp/owl/fsdas/gearspecies.owl#GearType http://www.ontologydesignpatterns.org/cp/owl/fsdas/gearspecies.owl#catchesSpecies http://www.ontologydesignpatterns.org/cp/owl/fsdas/gearspecies.owl#incidentallyCatchesSpecies http://www.ontologydesignpatterns.org/cp/owl/fsdas/gearspecies.owl#isCaughtBy http://www.ontologydesignpatterns.org/cp/owl/fsdas/gearspecies.owl#isCaughtByGearType http://www.ontologydesignpatterns.org/cp/owl/fsdas/gearspecies.owl#targetsSpecies http://www.ontologydesignpatterns.org/cp/owl/fsdas/gearvessel.owl#GearType http://www.ontologydesignpatterns.org/cp/owl/fsdas/gearvessel.owl#VesselType http://www.ontologydesignpatterns.org/cp/owl/fsdas/gearvessel.owl#usedByVesselType http://www.ontologydesignpatterns.org/cp/owl/fsdas/gearvessel.owl#usesGearType http://www.ontologydesignpatterns.org/cp/owl/fsdas/vesselspecies.owl#catchesSpecies http://www.ontologydesignpatterns.org/cp/owl/fsdas/vesselspecies.owl#isCaughtBy http://www.ontologydesignpatterns.org/cp/owl/fsdas/vesselspecies.owl#isCaughtByVesselType
vesselwaterarea	Vesselwaterarea Pattern	odp	ontologydesignpatterns.org	conceptual	fisheries		to represent a direct relation between vessel types and water areas regardless of what type of fishing gear is fitted	which vessel types can be used in which water areas? (provided that water areas have species that are caught by geartypes that are used by vessel types)	http://www.ontologydesignpatterns.org/cp/owl/fsdas/aquaticresources.owl#AquaticResource http://www.ontologydesignpatterns.org/cp/owl/fsdas/aquaticresources.owl#AquaticSpecies http://www.ontologydesignpatterns.org/cp/owl/fsdas/aquaticresources.owl#WaterArea http://www.ontologydesignpatterns.org/cp/owl/fsdas/aquaticresources.owl#canOccurIn http://www.ontologydesignpatterns.org/cp/owl/fsdas/aquaticresources.owl#hasSpecies http://www.ontologydesignpatterns.org/cp/owl/fsdas/aquaticresources.owl#isAreaOfOccurrenceOf http://www.ontologydesignpatterns.org/cp/owl/fsdas/aquaticresources.owl#isSpeciesPresentIn http://www.ontologydesignpatterns.org/cp/owl/fsdas/gearspecies.owl#GearType http://www.ontologydesignpatterns.org/cp/owl/fsdas/gearspecies.owl#catchesSpecies http://www.ontologydesignpatterns.org/cp/owl/fsdas/gearspecies.owl#incidentallyCatchesSpecies http://www.ontologydesignpatterns.org/cp/owl/fsdas/gearspecies.owl#isCaughtBy http://www.ontologydesignpatterns.org/cp/owl/fsdas/gearspecies.owl#isCaughtByGearType http://www.ontologydesignpatterns.org/cp/owl/fsdas/gearspecies.owl#targetsSpecies http://www.ontologydesignpatterns.org/cp/owl/fsdas/gearvessel.owl#GearType http://www.ontologydesignpatterns.org/cp/owl/fsdas/gearvessel.owl#VesselType http://www.ontologydesignpatterns.org/cp/owl/fsdas/gearvessel.owl#usedByVesselType http://www.ontologydesignpatterns.org/cp/owl/fsdas/gearvessel.owl#usesGearType http://www.ontologydesignpatterns.org/cp/owl/fsdas/gearwaterarea.owl#isSuitableForGearType http://www.ontologydesignpatterns.org/cp/owl/fsdas/gearwaterarea.owl#isUsedInWaterArea http://www.ontologydesignpatterns.org/cp/owl/fsdas/vesselwaterarea.owl#canBeCrossedByVesselType http://www.ontologydesignpatterns.org/cp/owl/fsdas/vesselwaterarea.owl#canCrossWaterArea
winstonpartwhole	Winstonpartwhole Pattern	odp	daselab.org	structural	general				http://daselab.org/WinstonPartWhole#part-of http://daselab.org/WinstonPartWhole#po-component http://daselab.org/WinstonPartWhole#po-feature http://daselab.org/WinstonPartWhole#po-member http://daselab.org/WinstonPartWhole#po-place http://daselab.org/WinstonPartWhole#po-portion http://daselab.org/WinstonPartWhole#po-stuff http://daselab.org/WinstonPartWhole#spatially-located-in
